-- phpMyAdmin SQL Dump
-- version 4.2.11
-- http://www.phpmyadmin.net
--
-- Host: 127.0.0.1
-- Generation Time: Oct 16, 2015 at 10:03 AM
-- Server version: 5.6.21
-- PHP Version: 5.6.3

SET SQL_MODE = "NO_AUTO_VALUE_ON_ZERO";
SET time_zone = "+00:00";

--
-- Database: `cat_dcms`
--
DROP DATABASE `cat_dcms`;
CREATE DATABASE IF NOT EXISTS `cat_dcms` DEFAULT CHARACTER SET utf8 COLLATE utf8_general_ci;
USE `cat_dcms`;

--
-- Truncate table before insert `cus_customer`
--

TRUNCATE TABLE `cus_customer`;
--
-- Dumping data for table `cus_customer`
--

INSERT INTO `cus_customer` (`CustomerID`, `PrefixID`, `CustomerStatus`, `CustomerName`, `BusinessType`, `Email`, `Phone`, `Fax`, `Address`, `Township`, `City`, `Province`, `Zipcode`, `Country`, `DateTimeCreate`, `DateTimeUpdate`, `CreateBy`, `UpdateBy`) VALUES
(1, 'CUS', 'active', 'SPM Coperation', 'นิติบุคคล', 'contact@spm.in.th', '0873616961', '0873616961', '34 ม.12', 'จรเข้สามพัน', 'อู่ทอง', 'สุพรรณบุรี', 71170, 'Thailand', '2015-10-15 14:48:43', '2015-10-15 14:48:43', 1, 1);

--
-- Truncate table before insert `cus_item`
--

TRUNCATE TABLE `cus_item`;
--
-- Truncate table before insert `cus_order`
--

TRUNCATE TABLE `cus_order`;
--
-- Dumping data for table `cus_order`
--

INSERT INTO `cus_order` (`OrderID`, `OrderPreID`, `OrderIDOld`, `CustomerID`, `Name`, `Location`, `StatusOrder`, `DateTimeCreate`, `DateTimeUpdate`, `CreateBy`, `UpdateBy`) VALUES
(1, 'A', '', 1, NULL, 'IDC Nonthaburi', 'active', '2015-10-15 15:02:05', '2015-10-15 15:02:05', -1, -1);

--
-- Truncate table before insert `cus_order_bundle_network`
--

TRUNCATE TABLE `cus_order_bundle_network`;
--
-- Dumping data for table `cus_order_bundle_network`
--

INSERT INTO `cus_order_bundle_network` (`orderBundleNetworkID`, `OrderID`, `BundleNetwork`) VALUES
(1, 1, 'IDC Only');

--
-- Truncate table before insert `cus_order_detail`
--

TRUNCATE TABLE `cus_order_detail`;
--
-- Dumping data for table `cus_order_detail`
--

INSERT INTO `cus_order_detail` (`OrderDetailID`, `OrderID`, `PackageID`, `OrderDetailStatus`, `DateTimeCreate`, `DateTimeUpdate`, `CreateBy`, `UpdateBy`) VALUES
(1, 1, 1, 'active', '2015-10-15 15:02:05', '2015-10-15 15:02:05', -1, -1),
(2, 1, 5, 'active', '2015-10-15 15:02:05', '2015-10-15 15:02:05', -1, -1),
(3, 1, 6, 'suppened', '2015-10-15 15:02:53', '2015-10-15 15:03:01', -1, -1),
(4, 1, 6, 'active', '2015-10-15 15:02:53', '2015-10-15 15:02:53', -1, -1),
(5, 1, 3, 'active', '2015-10-16 07:06:58', '2015-10-16 07:06:58', -1, -1),
(6, 1, 1, 'suppened', '2015-10-16 07:12:30', '2015-10-16 07:17:30', -1, -1);

--
-- Truncate table before insert `cus_package`
--

TRUNCATE TABLE `cus_package`;
--
-- Dumping data for table `cus_package`
--

INSERT INTO `cus_package` (`PackageID`, `PackageName`, `PackageDetail`, `PackageType`, `PackageCategory`, `PackageStatus`, `IPAmount`, `PortAmount`, `RackAmount`, `ServiceAmount`, `DateTimeCreate`, `DateTimeUpdate`, `CreateBy`, `UpdateBy`) VALUES
(1, '1/4 Rack', '', 'main', '1/4 rack', 'active', 4, 1, 1, 0, '2015-10-15 14:52:48', '2015-10-15 14:52:48', -1, -1),
(2, '1/2 Rack', '', 'main', '1/2 rack', 'active', 8, 2, 1, 0, '2015-10-15 14:53:23', '2015-10-15 14:53:23', -1, -1),
(3, 'Full Rack', '', 'main', 'full rack', 'active', 16, 4, 1, 0, '2015-10-15 14:54:08', '2015-10-15 14:54:08', -1, -1),
(4, 'Extra 1 Port 10/100 Mbps. (UTP)', '', 'main', 'add-on', 'active', 0, 1, 0, 0, '2015-10-15 14:57:12', '2015-10-15 15:00:27', -1, -2),
(5, 'Extra 1 Port 10/100/1000 Mbps. (UTP)', '', 'add-on', 'add-on', 'active', 0, 1, 0, 0, '2015-10-15 14:59:13', '2015-10-15 14:59:13', -1, -1),
(6, 'Extra 1 IP', '', 'add-on', 'add-on', 'active', 1, 0, 0, 0, '2015-10-15 15:01:05', '2015-10-15 15:01:05', -1, -1);

--
-- Truncate table before insert `cus_person`
--

TRUNCATE TABLE `cus_person`;
--
-- Dumping data for table `cus_person`
--

INSERT INTO `cus_person` (`PersonID`, `Fname`, `Lname`, `Phone`, `Email`, `CustomerID`, `Password`, `CatEmpID`, `IDCard`, `TypePerson`, `Position`, `PersonStatus`) VALUES
(1, 'สัมพันธ์', 'สาราณียะพงษ์', '0873616961', 'sampan.sara@outlook.com', 1, '123456', NULL, NULL, 'contact', NULL, 'active'),
(2, 'ศศิวรรณ', 'วิริยพรสวัสดิ์', '0863872523', 'sasiwan.w@outlook.com', 1, '123456', NULL, NULL, 'contact', NULL, 'active'),
(3, '', '', '', '', 1, '', NULL, NULL, 'contact', NULL, 'active');

--
-- Truncate table before insert `entry_idc`
--

TRUNCATE TABLE `entry_idc`;
--
-- Truncate table before insert `entry_idc_zone`
--

TRUNCATE TABLE `entry_idc_zone`;
--
-- Truncate table before insert `resource_ip`
--

TRUNCATE TABLE `resource_ip`;
--
-- Dumping data for table `resource_ip`
--

INSERT INTO `resource_ip` (`ResourceIpID`, `IP`, `NetworkIP`, `Subnet`, `VlanID`, `EnableResourceIP`, `OrderDetailID`, `DateTimeCreate`, `DateTimeUpdate`, `CreateBy`, `UpdateBy`) VALUES
(1, '123.45.67.1', '123.45.67.0', '24', 67, 1, 1, '2015-10-16 02:48:45', '2015-10-16 03:14:50', -1, -1),
(2, '123.45.67.2', '123.45.67.0', '24', 67, 1, 1, '2015-10-16 02:48:45', '2015-10-16 03:53:45', -1, -1),
(3, '123.45.67.3', '123.45.67.0', '24', 67, 1, 1, '2015-10-16 02:48:45', '2015-10-16 03:53:47', -1, -1),
(4, '123.45.67.4', '123.45.67.0', '24', 67, 1, 6, '2015-10-16 02:48:45', '2015-10-16 07:50:06', -1, -1),
(5, '123.45.67.5', '123.45.67.0', '24', 67, 1, 4, '2015-10-16 02:48:45', '2015-10-16 06:58:57', -1, -1),
(6, '123.45.67.6', '123.45.67.0', '24', 67, 1, 3, '2015-10-16 02:48:45', '2015-10-16 07:00:50', -1, -1),
(7, '123.45.67.7', '123.45.67.0', '24', 67, 1, 6, '2015-10-16 02:48:45', '2015-10-16 07:44:49', -1, -1),
(8, '123.45.67.8', '123.45.67.0', '24', 67, 1, 6, '2015-10-16 02:48:45', '2015-10-16 07:50:07', -1, -1),
(9, '123.45.67.9', '123.45.67.0', '24', 67, 1, 6, '2015-10-16 02:48:45', '2015-10-16 07:50:09', -1, -1),
(10, '123.45.67.10', '123.45.67.0', '24', 67, 1, 5, '2015-10-16 02:48:45', '2015-10-16 07:49:35', -1, -1),
(11, '123.45.67.11', '123.45.67.0', '24', 67, 1, 5, '2015-10-16 02:48:45', '2015-10-16 07:49:36', -1, -1),
(12, '123.45.67.12', '123.45.67.0', '24', 67, 1, NULL, '2015-10-16 02:48:45', '2015-10-16 07:45:13', -1, -1),
(13, '123.45.67.13', '123.45.67.0', '24', 67, 1, NULL, '2015-10-16 02:48:45', '2015-10-16 07:43:25', -1, -1),
(14, '123.45.67.14', '123.45.67.0', '24', 67, 1, NULL, '2015-10-16 02:48:45', '2015-10-16 07:41:34', -1, -1),
(15, '123.45.67.15', '123.45.67.0', '24', 67, 1, NULL, '2015-10-16 02:48:45', '2015-10-16 02:48:45', -1, -1),
(16, '123.45.67.16', '123.45.67.0', '24', 67, 1, NULL, '2015-10-16 02:48:45', '2015-10-16 02:48:45', -1, -1),
(17, '123.45.67.17', '123.45.67.0', '24', 67, 1, NULL, '2015-10-16 02:48:45', '2015-10-16 02:48:45', -1, -1),
(18, '123.45.67.18', '123.45.67.0', '24', 67, 1, NULL, '2015-10-16 02:48:45', '2015-10-16 02:48:45', -1, -1),
(19, '123.45.67.19', '123.45.67.0', '24', 67, 1, NULL, '2015-10-16 02:48:45', '2015-10-16 02:48:45', -1, -1),
(20, '123.45.67.20', '123.45.67.0', '24', 67, 1, NULL, '2015-10-16 02:48:45', '2015-10-16 02:48:45', -1, -1),
(21, '123.45.67.21', '123.45.67.0', '24', 67, 1, NULL, '2015-10-16 02:48:45', '2015-10-16 02:48:45', -1, -1),
(22, '123.45.67.22', '123.45.67.0', '24', 67, 1, NULL, '2015-10-16 02:48:45', '2015-10-16 02:48:45', -1, -1),
(23, '123.45.67.23', '123.45.67.0', '24', 67, 1, NULL, '2015-10-16 02:48:45', '2015-10-16 02:48:45', -1, -1),
(24, '123.45.67.24', '123.45.67.0', '24', 67, 1, NULL, '2015-10-16 02:48:45', '2015-10-16 02:48:45', -1, -1),
(25, '123.45.67.25', '123.45.67.0', '24', 67, 1, NULL, '2015-10-16 02:48:45', '2015-10-16 02:48:45', -1, -1),
(26, '123.45.67.26', '123.45.67.0', '24', 67, 1, NULL, '2015-10-16 02:48:45', '2015-10-16 02:48:45', -1, -1),
(27, '123.45.67.27', '123.45.67.0', '24', 67, 1, NULL, '2015-10-16 02:48:45', '2015-10-16 02:48:45', -1, -1),
(28, '123.45.67.28', '123.45.67.0', '24', 67, 1, NULL, '2015-10-16 02:48:45', '2015-10-16 02:48:45', -1, -1),
(29, '123.45.67.29', '123.45.67.0', '24', 67, 1, NULL, '2015-10-16 02:48:45', '2015-10-16 02:48:45', -1, -1),
(30, '123.45.67.30', '123.45.67.0', '24', 67, 1, NULL, '2015-10-16 02:48:45', '2015-10-16 02:48:45', -1, -1),
(31, '123.45.67.31', '123.45.67.0', '24', 67, 1, NULL, '2015-10-16 02:48:45', '2015-10-16 02:48:45', -1, -1),
(32, '123.45.67.32', '123.45.67.0', '24', 67, 1, NULL, '2015-10-16 02:48:45', '2015-10-16 02:48:45', -1, -1),
(33, '123.45.67.33', '123.45.67.0', '24', 67, 1, NULL, '2015-10-16 02:48:45', '2015-10-16 02:48:45', -1, -1),
(34, '123.45.67.34', '123.45.67.0', '24', 67, 1, NULL, '2015-10-16 02:48:45', '2015-10-16 02:48:45', -1, -1),
(35, '123.45.67.35', '123.45.67.0', '24', 67, 1, NULL, '2015-10-16 02:48:45', '2015-10-16 02:48:45', -1, -1),
(36, '123.45.67.36', '123.45.67.0', '24', 67, 1, NULL, '2015-10-16 02:48:45', '2015-10-16 02:48:45', -1, -1),
(37, '123.45.67.37', '123.45.67.0', '24', 67, 1, NULL, '2015-10-16 02:48:45', '2015-10-16 02:48:45', -1, -1),
(38, '123.45.67.38', '123.45.67.0', '24', 67, 1, NULL, '2015-10-16 02:48:45', '2015-10-16 02:48:45', -1, -1),
(39, '123.45.67.39', '123.45.67.0', '24', 67, 1, NULL, '2015-10-16 02:48:45', '2015-10-16 02:48:45', -1, -1),
(40, '123.45.67.40', '123.45.67.0', '24', 67, 1, NULL, '2015-10-16 02:48:45', '2015-10-16 02:48:45', -1, -1),
(41, '123.45.67.41', '123.45.67.0', '24', 67, 1, NULL, '2015-10-16 02:48:45', '2015-10-16 02:48:45', -1, -1),
(42, '123.45.67.42', '123.45.67.0', '24', 67, 1, NULL, '2015-10-16 02:48:45', '2015-10-16 02:48:45', -1, -1),
(43, '123.45.67.43', '123.45.67.0', '24', 67, 1, NULL, '2015-10-16 02:48:45', '2015-10-16 02:48:45', -1, -1),
(44, '123.45.67.44', '123.45.67.0', '24', 67, 1, NULL, '2015-10-16 02:48:45', '2015-10-16 02:48:45', -1, -1),
(45, '123.45.67.45', '123.45.67.0', '24', 67, 1, NULL, '2015-10-16 02:48:45', '2015-10-16 02:48:45', -1, -1),
(46, '123.45.67.46', '123.45.67.0', '24', 67, 1, NULL, '2015-10-16 02:48:45', '2015-10-16 02:48:45', -1, -1),
(47, '123.45.67.47', '123.45.67.0', '24', 67, 1, NULL, '2015-10-16 02:48:45', '2015-10-16 02:48:45', -1, -1),
(48, '123.45.67.48', '123.45.67.0', '24', 67, 1, NULL, '2015-10-16 02:48:45', '2015-10-16 02:48:45', -1, -1),
(49, '123.45.67.49', '123.45.67.0', '24', 67, 1, NULL, '2015-10-16 02:48:45', '2015-10-16 02:48:45', -1, -1),
(50, '123.45.67.50', '123.45.67.0', '24', 67, 1, NULL, '2015-10-16 02:48:45', '2015-10-16 02:48:45', -1, -1),
(51, '123.45.67.51', '123.45.67.0', '24', 67, 1, NULL, '2015-10-16 02:48:45', '2015-10-16 02:48:45', -1, -1),
(52, '123.45.67.52', '123.45.67.0', '24', 67, 1, NULL, '2015-10-16 02:48:45', '2015-10-16 02:48:45', -1, -1),
(53, '123.45.67.53', '123.45.67.0', '24', 67, 1, NULL, '2015-10-16 02:48:45', '2015-10-16 02:48:45', -1, -1),
(54, '123.45.67.54', '123.45.67.0', '24', 67, 1, NULL, '2015-10-16 02:48:45', '2015-10-16 02:48:45', -1, -1),
(55, '123.45.67.55', '123.45.67.0', '24', 67, 1, NULL, '2015-10-16 02:48:45', '2015-10-16 02:48:45', -1, -1),
(56, '123.45.67.56', '123.45.67.0', '24', 67, 1, NULL, '2015-10-16 02:48:45', '2015-10-16 02:48:45', -1, -1),
(57, '123.45.67.57', '123.45.67.0', '24', 67, 1, NULL, '2015-10-16 02:48:45', '2015-10-16 02:48:45', -1, -1),
(58, '123.45.67.58', '123.45.67.0', '24', 67, 1, NULL, '2015-10-16 02:48:45', '2015-10-16 02:48:45', -1, -1),
(59, '123.45.67.59', '123.45.67.0', '24', 67, 1, NULL, '2015-10-16 02:48:45', '2015-10-16 02:48:45', -1, -1),
(60, '123.45.67.60', '123.45.67.0', '24', 67, 1, NULL, '2015-10-16 02:48:45', '2015-10-16 02:48:45', -1, -1),
(61, '123.45.67.61', '123.45.67.0', '24', 67, 1, NULL, '2015-10-16 02:48:45', '2015-10-16 02:48:45', -1, -1),
(62, '123.45.67.62', '123.45.67.0', '24', 67, 1, NULL, '2015-10-16 02:48:45', '2015-10-16 02:48:45', -1, -1),
(63, '123.45.67.63', '123.45.67.0', '24', 67, 1, NULL, '2015-10-16 02:48:45', '2015-10-16 02:48:45', -1, -1),
(64, '123.45.67.64', '123.45.67.0', '24', 67, 1, NULL, '2015-10-16 02:48:45', '2015-10-16 02:48:45', -1, -1),
(65, '123.45.67.65', '123.45.67.0', '24', 67, 1, NULL, '2015-10-16 02:48:45', '2015-10-16 02:48:45', -1, -1),
(66, '123.45.67.66', '123.45.67.0', '24', 67, 1, NULL, '2015-10-16 02:48:45', '2015-10-16 02:48:45', -1, -1),
(67, '123.45.67.67', '123.45.67.0', '24', 67, 1, NULL, '2015-10-16 02:48:45', '2015-10-16 02:48:45', -1, -1),
(68, '123.45.67.68', '123.45.67.0', '24', 67, 1, NULL, '2015-10-16 02:48:45', '2015-10-16 02:48:45', -1, -1),
(69, '123.45.67.69', '123.45.67.0', '24', 67, 1, NULL, '2015-10-16 02:48:45', '2015-10-16 02:48:45', -1, -1),
(70, '123.45.67.70', '123.45.67.0', '24', 67, 1, NULL, '2015-10-16 02:48:45', '2015-10-16 02:48:45', -1, -1),
(71, '123.45.67.71', '123.45.67.0', '24', 67, 1, NULL, '2015-10-16 02:48:45', '2015-10-16 02:48:45', -1, -1),
(72, '123.45.67.72', '123.45.67.0', '24', 67, 1, NULL, '2015-10-16 02:48:45', '2015-10-16 02:48:45', -1, -1),
(73, '123.45.67.73', '123.45.67.0', '24', 67, 1, NULL, '2015-10-16 02:48:45', '2015-10-16 02:48:45', -1, -1),
(74, '123.45.67.74', '123.45.67.0', '24', 67, 1, NULL, '2015-10-16 02:48:45', '2015-10-16 02:48:45', -1, -1),
(75, '123.45.67.75', '123.45.67.0', '24', 67, 1, NULL, '2015-10-16 02:48:45', '2015-10-16 02:48:45', -1, -1),
(76, '123.45.67.76', '123.45.67.0', '24', 67, 1, NULL, '2015-10-16 02:48:45', '2015-10-16 02:48:45', -1, -1),
(77, '123.45.67.77', '123.45.67.0', '24', 67, 1, NULL, '2015-10-16 02:48:45', '2015-10-16 02:48:45', -1, -1),
(78, '123.45.67.78', '123.45.67.0', '24', 67, 1, NULL, '2015-10-16 02:48:45', '2015-10-16 02:48:45', -1, -1),
(79, '123.45.67.79', '123.45.67.0', '24', 67, 1, NULL, '2015-10-16 02:48:45', '2015-10-16 02:48:45', -1, -1),
(80, '123.45.67.80', '123.45.67.0', '24', 67, 1, NULL, '2015-10-16 02:48:45', '2015-10-16 02:48:45', -1, -1),
(81, '123.45.67.81', '123.45.67.0', '24', 67, 1, NULL, '2015-10-16 02:48:45', '2015-10-16 02:48:45', -1, -1),
(82, '123.45.67.82', '123.45.67.0', '24', 67, 1, NULL, '2015-10-16 02:48:45', '2015-10-16 02:48:45', -1, -1),
(83, '123.45.67.83', '123.45.67.0', '24', 67, 1, NULL, '2015-10-16 02:48:45', '2015-10-16 02:48:45', -1, -1),
(84, '123.45.67.84', '123.45.67.0', '24', 67, 1, NULL, '2015-10-16 02:48:45', '2015-10-16 02:48:45', -1, -1),
(85, '123.45.67.85', '123.45.67.0', '24', 67, 1, NULL, '2015-10-16 02:48:45', '2015-10-16 02:48:45', -1, -1),
(86, '123.45.67.86', '123.45.67.0', '24', 67, 1, NULL, '2015-10-16 02:48:45', '2015-10-16 02:48:45', -1, -1),
(87, '123.45.67.87', '123.45.67.0', '24', 67, 1, NULL, '2015-10-16 02:48:45', '2015-10-16 02:48:45', -1, -1),
(88, '123.45.67.88', '123.45.67.0', '24', 67, 1, NULL, '2015-10-16 02:48:45', '2015-10-16 02:48:45', -1, -1),
(89, '123.45.67.89', '123.45.67.0', '24', 67, 1, NULL, '2015-10-16 02:48:45', '2015-10-16 02:48:45', -1, -1),
(90, '123.45.67.90', '123.45.67.0', '24', 67, 1, NULL, '2015-10-16 02:48:45', '2015-10-16 02:48:45', -1, -1),
(91, '123.45.67.91', '123.45.67.0', '24', 67, 1, NULL, '2015-10-16 02:48:45', '2015-10-16 02:48:45', -1, -1),
(92, '123.45.67.92', '123.45.67.0', '24', 67, 1, NULL, '2015-10-16 02:48:45', '2015-10-16 02:48:45', -1, -1),
(93, '123.45.67.93', '123.45.67.0', '24', 67, 1, NULL, '2015-10-16 02:48:45', '2015-10-16 02:48:45', -1, -1),
(94, '123.45.67.94', '123.45.67.0', '24', 67, 1, NULL, '2015-10-16 02:48:45', '2015-10-16 02:48:45', -1, -1),
(95, '123.45.67.95', '123.45.67.0', '24', 67, 1, NULL, '2015-10-16 02:48:45', '2015-10-16 02:48:45', -1, -1),
(96, '123.45.67.96', '123.45.67.0', '24', 67, 1, NULL, '2015-10-16 02:48:45', '2015-10-16 02:48:45', -1, -1),
(97, '123.45.67.97', '123.45.67.0', '24', 67, 1, NULL, '2015-10-16 02:48:45', '2015-10-16 02:48:45', -1, -1),
(98, '123.45.67.98', '123.45.67.0', '24', 67, 1, NULL, '2015-10-16 02:48:45', '2015-10-16 02:48:45', -1, -1),
(99, '123.45.67.99', '123.45.67.0', '24', 67, 1, NULL, '2015-10-16 02:48:45', '2015-10-16 02:48:45', -1, -1),
(100, '123.45.67.100', '123.45.67.0', '24', 67, 1, NULL, '2015-10-16 02:48:45', '2015-10-16 02:48:45', -1, -1),
(101, '123.45.67.101', '123.45.67.0', '24', 67, 1, NULL, '2015-10-16 02:48:45', '2015-10-16 02:48:45', -1, -1),
(102, '123.45.67.102', '123.45.67.0', '24', 67, 1, NULL, '2015-10-16 02:48:45', '2015-10-16 02:48:45', -1, -1),
(103, '123.45.67.103', '123.45.67.0', '24', 67, 1, NULL, '2015-10-16 02:48:45', '2015-10-16 02:48:45', -1, -1),
(104, '123.45.67.104', '123.45.67.0', '24', 67, 1, NULL, '2015-10-16 02:48:45', '2015-10-16 02:48:45', -1, -1),
(105, '123.45.67.105', '123.45.67.0', '24', 67, 1, NULL, '2015-10-16 02:48:45', '2015-10-16 02:48:45', -1, -1),
(106, '123.45.67.106', '123.45.67.0', '24', 67, 1, NULL, '2015-10-16 02:48:45', '2015-10-16 02:48:45', -1, -1),
(107, '123.45.67.107', '123.45.67.0', '24', 67, 1, NULL, '2015-10-16 02:48:45', '2015-10-16 02:48:45', -1, -1),
(108, '123.45.67.108', '123.45.67.0', '24', 67, 1, NULL, '2015-10-16 02:48:45', '2015-10-16 02:48:45', -1, -1),
(109, '123.45.67.109', '123.45.67.0', '24', 67, 1, NULL, '2015-10-16 02:48:45', '2015-10-16 02:48:45', -1, -1),
(110, '123.45.67.110', '123.45.67.0', '24', 67, 1, NULL, '2015-10-16 02:48:45', '2015-10-16 02:48:45', -1, -1),
(111, '123.45.67.111', '123.45.67.0', '24', 67, 1, NULL, '2015-10-16 02:48:45', '2015-10-16 02:48:45', -1, -1),
(112, '123.45.67.112', '123.45.67.0', '24', 67, 1, NULL, '2015-10-16 02:48:45', '2015-10-16 02:48:45', -1, -1),
(113, '123.45.67.113', '123.45.67.0', '24', 67, 1, NULL, '2015-10-16 02:48:45', '2015-10-16 02:48:45', -1, -1),
(114, '123.45.67.114', '123.45.67.0', '24', 67, 1, NULL, '2015-10-16 02:48:45', '2015-10-16 02:48:45', -1, -1),
(115, '123.45.67.115', '123.45.67.0', '24', 67, 1, NULL, '2015-10-16 02:48:45', '2015-10-16 02:48:45', -1, -1),
(116, '123.45.67.116', '123.45.67.0', '24', 67, 1, NULL, '2015-10-16 02:48:45', '2015-10-16 02:48:45', -1, -1),
(117, '123.45.67.117', '123.45.67.0', '24', 67, 1, NULL, '2015-10-16 02:48:45', '2015-10-16 02:48:45', -1, -1),
(118, '123.45.67.118', '123.45.67.0', '24', 67, 1, NULL, '2015-10-16 02:48:45', '2015-10-16 02:48:45', -1, -1),
(119, '123.45.67.119', '123.45.67.0', '24', 67, 1, NULL, '2015-10-16 02:48:45', '2015-10-16 02:48:45', -1, -1),
(120, '123.45.67.120', '123.45.67.0', '24', 67, 1, NULL, '2015-10-16 02:48:45', '2015-10-16 02:48:45', -1, -1),
(121, '123.45.67.121', '123.45.67.0', '24', 67, 1, NULL, '2015-10-16 02:48:45', '2015-10-16 02:48:45', -1, -1),
(122, '123.45.67.122', '123.45.67.0', '24', 67, 1, NULL, '2015-10-16 02:48:45', '2015-10-16 02:48:45', -1, -1),
(123, '123.45.67.123', '123.45.67.0', '24', 67, 1, NULL, '2015-10-16 02:48:45', '2015-10-16 02:48:45', -1, -1),
(124, '123.45.67.124', '123.45.67.0', '24', 67, 1, NULL, '2015-10-16 02:48:45', '2015-10-16 02:48:45', -1, -1),
(125, '123.45.67.125', '123.45.67.0', '24', 67, 1, NULL, '2015-10-16 02:48:45', '2015-10-16 02:48:45', -1, -1),
(126, '123.45.67.126', '123.45.67.0', '24', 67, 1, NULL, '2015-10-16 02:48:45', '2015-10-16 02:48:45', -1, -1),
(127, '123.45.67.127', '123.45.67.0', '24', 67, 1, NULL, '2015-10-16 02:48:45', '2015-10-16 02:48:45', -1, -1),
(128, '123.45.67.128', '123.45.67.0', '24', 67, 1, NULL, '2015-10-16 02:48:45', '2015-10-16 02:48:45', -1, -1),
(129, '123.45.67.129', '123.45.67.0', '24', 67, 1, NULL, '2015-10-16 02:48:45', '2015-10-16 02:48:45', -1, -1),
(130, '123.45.67.130', '123.45.67.0', '24', 67, 1, NULL, '2015-10-16 02:48:45', '2015-10-16 02:48:45', -1, -1),
(131, '123.45.67.131', '123.45.67.0', '24', 67, 1, NULL, '2015-10-16 02:48:45', '2015-10-16 02:48:45', -1, -1),
(132, '123.45.67.132', '123.45.67.0', '24', 67, 1, NULL, '2015-10-16 02:48:45', '2015-10-16 02:48:45', -1, -1),
(133, '123.45.67.133', '123.45.67.0', '24', 67, 1, NULL, '2015-10-16 02:48:45', '2015-10-16 02:48:45', -1, -1),
(134, '123.45.67.134', '123.45.67.0', '24', 67, 1, NULL, '2015-10-16 02:48:45', '2015-10-16 02:48:45', -1, -1),
(135, '123.45.67.135', '123.45.67.0', '24', 67, 1, NULL, '2015-10-16 02:48:45', '2015-10-16 02:48:45', -1, -1),
(136, '123.45.67.136', '123.45.67.0', '24', 67, 1, NULL, '2015-10-16 02:48:45', '2015-10-16 02:48:45', -1, -1),
(137, '123.45.67.137', '123.45.67.0', '24', 67, 1, NULL, '2015-10-16 02:48:45', '2015-10-16 02:48:45', -1, -1),
(138, '123.45.67.138', '123.45.67.0', '24', 67, 1, NULL, '2015-10-16 02:48:45', '2015-10-16 02:48:45', -1, -1),
(139, '123.45.67.139', '123.45.67.0', '24', 67, 1, NULL, '2015-10-16 02:48:45', '2015-10-16 02:48:45', -1, -1),
(140, '123.45.67.140', '123.45.67.0', '24', 67, 1, NULL, '2015-10-16 02:48:45', '2015-10-16 02:48:45', -1, -1),
(141, '123.45.67.141', '123.45.67.0', '24', 67, 1, NULL, '2015-10-16 02:48:45', '2015-10-16 02:48:45', -1, -1),
(142, '123.45.67.142', '123.45.67.0', '24', 67, 1, NULL, '2015-10-16 02:48:45', '2015-10-16 02:48:45', -1, -1),
(143, '123.45.67.143', '123.45.67.0', '24', 67, 1, NULL, '2015-10-16 02:48:45', '2015-10-16 02:48:45', -1, -1),
(144, '123.45.67.144', '123.45.67.0', '24', 67, 1, NULL, '2015-10-16 02:48:45', '2015-10-16 02:48:45', -1, -1),
(145, '123.45.67.145', '123.45.67.0', '24', 67, 1, NULL, '2015-10-16 02:48:45', '2015-10-16 02:48:45', -1, -1),
(146, '123.45.67.146', '123.45.67.0', '24', 67, 1, NULL, '2015-10-16 02:48:45', '2015-10-16 02:48:45', -1, -1),
(147, '123.45.67.147', '123.45.67.0', '24', 67, 1, NULL, '2015-10-16 02:48:45', '2015-10-16 02:48:45', -1, -1),
(148, '123.45.67.148', '123.45.67.0', '24', 67, 1, NULL, '2015-10-16 02:48:45', '2015-10-16 02:48:45', -1, -1),
(149, '123.45.67.149', '123.45.67.0', '24', 67, 1, NULL, '2015-10-16 02:48:45', '2015-10-16 02:48:45', -1, -1),
(150, '123.45.67.150', '123.45.67.0', '24', 67, 1, NULL, '2015-10-16 02:48:45', '2015-10-16 02:48:45', -1, -1),
(151, '123.45.67.151', '123.45.67.0', '24', 67, 1, NULL, '2015-10-16 02:48:45', '2015-10-16 02:48:45', -1, -1),
(152, '123.45.67.152', '123.45.67.0', '24', 67, 1, NULL, '2015-10-16 02:48:45', '2015-10-16 02:48:45', -1, -1),
(153, '123.45.67.153', '123.45.67.0', '24', 67, 1, NULL, '2015-10-16 02:48:45', '2015-10-16 02:48:45', -1, -1),
(154, '123.45.67.154', '123.45.67.0', '24', 67, 1, NULL, '2015-10-16 02:48:45', '2015-10-16 02:48:45', -1, -1),
(155, '123.45.67.155', '123.45.67.0', '24', 67, 1, NULL, '2015-10-16 02:48:45', '2015-10-16 02:48:45', -1, -1),
(156, '123.45.67.156', '123.45.67.0', '24', 67, 1, NULL, '2015-10-16 02:48:45', '2015-10-16 02:48:45', -1, -1),
(157, '123.45.67.157', '123.45.67.0', '24', 67, 1, NULL, '2015-10-16 02:48:45', '2015-10-16 02:48:45', -1, -1),
(158, '123.45.67.158', '123.45.67.0', '24', 67, 1, NULL, '2015-10-16 02:48:45', '2015-10-16 02:48:45', -1, -1),
(159, '123.45.67.159', '123.45.67.0', '24', 67, 1, NULL, '2015-10-16 02:48:45', '2015-10-16 02:48:45', -1, -1),
(160, '123.45.67.160', '123.45.67.0', '24', 67, 1, NULL, '2015-10-16 02:48:45', '2015-10-16 02:48:45', -1, -1),
(161, '123.45.67.161', '123.45.67.0', '24', 67, 1, NULL, '2015-10-16 02:48:45', '2015-10-16 02:48:45', -1, -1),
(162, '123.45.67.162', '123.45.67.0', '24', 67, 1, NULL, '2015-10-16 02:48:45', '2015-10-16 02:48:45', -1, -1),
(163, '123.45.67.163', '123.45.67.0', '24', 67, 1, NULL, '2015-10-16 02:48:45', '2015-10-16 02:48:45', -1, -1),
(164, '123.45.67.164', '123.45.67.0', '24', 67, 1, NULL, '2015-10-16 02:48:45', '2015-10-16 02:48:45', -1, -1),
(165, '123.45.67.165', '123.45.67.0', '24', 67, 1, NULL, '2015-10-16 02:48:45', '2015-10-16 02:48:45', -1, -1),
(166, '123.45.67.166', '123.45.67.0', '24', 67, 1, NULL, '2015-10-16 02:48:45', '2015-10-16 02:48:45', -1, -1),
(167, '123.45.67.167', '123.45.67.0', '24', 67, 1, NULL, '2015-10-16 02:48:45', '2015-10-16 02:48:45', -1, -1),
(168, '123.45.67.168', '123.45.67.0', '24', 67, 1, NULL, '2015-10-16 02:48:45', '2015-10-16 02:48:45', -1, -1),
(169, '123.45.67.169', '123.45.67.0', '24', 67, 1, NULL, '2015-10-16 02:48:45', '2015-10-16 02:48:45', -1, -1),
(170, '123.45.67.170', '123.45.67.0', '24', 67, 1, NULL, '2015-10-16 02:48:45', '2015-10-16 02:48:45', -1, -1),
(171, '123.45.67.171', '123.45.67.0', '24', 67, 1, NULL, '2015-10-16 02:48:45', '2015-10-16 02:48:45', -1, -1),
(172, '123.45.67.172', '123.45.67.0', '24', 67, 1, NULL, '2015-10-16 02:48:45', '2015-10-16 02:48:45', -1, -1),
(173, '123.45.67.173', '123.45.67.0', '24', 67, 1, NULL, '2015-10-16 02:48:45', '2015-10-16 02:48:45', -1, -1),
(174, '123.45.67.174', '123.45.67.0', '24', 67, 1, NULL, '2015-10-16 02:48:45', '2015-10-16 02:48:45', -1, -1),
(175, '123.45.67.175', '123.45.67.0', '24', 67, 1, NULL, '2015-10-16 02:48:45', '2015-10-16 02:48:45', -1, -1),
(176, '123.45.67.176', '123.45.67.0', '24', 67, 1, NULL, '2015-10-16 02:48:45', '2015-10-16 02:48:45', -1, -1),
(177, '123.45.67.177', '123.45.67.0', '24', 67, 1, NULL, '2015-10-16 02:48:45', '2015-10-16 02:48:45', -1, -1),
(178, '123.45.67.178', '123.45.67.0', '24', 67, 1, NULL, '2015-10-16 02:48:45', '2015-10-16 02:48:45', -1, -1),
(179, '123.45.67.179', '123.45.67.0', '24', 67, 1, NULL, '2015-10-16 02:48:45', '2015-10-16 02:48:45', -1, -1),
(180, '123.45.67.180', '123.45.67.0', '24', 67, 1, NULL, '2015-10-16 02:48:45', '2015-10-16 02:48:45', -1, -1),
(181, '123.45.67.181', '123.45.67.0', '24', 67, 1, NULL, '2015-10-16 02:48:45', '2015-10-16 02:48:45', -1, -1),
(182, '123.45.67.182', '123.45.67.0', '24', 67, 1, NULL, '2015-10-16 02:48:45', '2015-10-16 02:48:45', -1, -1),
(183, '123.45.67.183', '123.45.67.0', '24', 67, 1, NULL, '2015-10-16 02:48:45', '2015-10-16 02:48:45', -1, -1),
(184, '123.45.67.184', '123.45.67.0', '24', 67, 1, NULL, '2015-10-16 02:48:45', '2015-10-16 02:48:45', -1, -1),
(185, '123.45.67.185', '123.45.67.0', '24', 67, 1, NULL, '2015-10-16 02:48:45', '2015-10-16 02:48:45', -1, -1),
(186, '123.45.67.186', '123.45.67.0', '24', 67, 1, NULL, '2015-10-16 02:48:45', '2015-10-16 02:48:45', -1, -1),
(187, '123.45.67.187', '123.45.67.0', '24', 67, 1, NULL, '2015-10-16 02:48:45', '2015-10-16 02:48:45', -1, -1),
(188, '123.45.67.188', '123.45.67.0', '24', 67, 1, NULL, '2015-10-16 02:48:45', '2015-10-16 02:48:45', -1, -1),
(189, '123.45.67.189', '123.45.67.0', '24', 67, 1, NULL, '2015-10-16 02:48:45', '2015-10-16 02:48:45', -1, -1),
(190, '123.45.67.190', '123.45.67.0', '24', 67, 1, NULL, '2015-10-16 02:48:45', '2015-10-16 02:48:45', -1, -1),
(191, '123.45.67.191', '123.45.67.0', '24', 67, 1, NULL, '2015-10-16 02:48:45', '2015-10-16 02:48:45', -1, -1),
(192, '123.45.67.192', '123.45.67.0', '24', 67, 1, NULL, '2015-10-16 02:48:45', '2015-10-16 02:48:45', -1, -1),
(193, '123.45.67.193', '123.45.67.0', '24', 67, 1, NULL, '2015-10-16 02:48:45', '2015-10-16 02:48:45', -1, -1),
(194, '123.45.67.194', '123.45.67.0', '24', 67, 1, NULL, '2015-10-16 02:48:45', '2015-10-16 02:48:45', -1, -1),
(195, '123.45.67.195', '123.45.67.0', '24', 67, 1, NULL, '2015-10-16 02:48:45', '2015-10-16 02:48:45', -1, -1),
(196, '123.45.67.196', '123.45.67.0', '24', 67, 1, NULL, '2015-10-16 02:48:45', '2015-10-16 02:48:45', -1, -1),
(197, '123.45.67.197', '123.45.67.0', '24', 67, 1, NULL, '2015-10-16 02:48:45', '2015-10-16 02:48:45', -1, -1),
(198, '123.45.67.198', '123.45.67.0', '24', 67, 1, NULL, '2015-10-16 02:48:45', '2015-10-16 02:48:45', -1, -1),
(199, '123.45.67.199', '123.45.67.0', '24', 67, 1, NULL, '2015-10-16 02:48:45', '2015-10-16 02:48:45', -1, -1),
(200, '123.45.67.200', '123.45.67.0', '24', 67, 1, NULL, '2015-10-16 02:48:45', '2015-10-16 02:48:45', -1, -1),
(201, '123.45.67.201', '123.45.67.0', '24', 67, 1, NULL, '2015-10-16 02:48:45', '2015-10-16 02:48:45', -1, -1),
(202, '123.45.67.202', '123.45.67.0', '24', 67, 1, NULL, '2015-10-16 02:48:45', '2015-10-16 02:48:45', -1, -1),
(203, '123.45.67.203', '123.45.67.0', '24', 67, 1, NULL, '2015-10-16 02:48:45', '2015-10-16 02:48:45', -1, -1),
(204, '123.45.67.204', '123.45.67.0', '24', 67, 1, NULL, '2015-10-16 02:48:45', '2015-10-16 02:48:45', -1, -1),
(205, '123.45.67.205', '123.45.67.0', '24', 67, 1, NULL, '2015-10-16 02:48:45', '2015-10-16 02:48:45', -1, -1),
(206, '123.45.67.206', '123.45.67.0', '24', 67, 1, NULL, '2015-10-16 02:48:45', '2015-10-16 02:48:45', -1, -1),
(207, '123.45.67.207', '123.45.67.0', '24', 67, 1, NULL, '2015-10-16 02:48:45', '2015-10-16 02:48:45', -1, -1),
(208, '123.45.67.208', '123.45.67.0', '24', 67, 1, NULL, '2015-10-16 02:48:45', '2015-10-16 02:48:45', -1, -1),
(209, '123.45.67.209', '123.45.67.0', '24', 67, 1, NULL, '2015-10-16 02:48:45', '2015-10-16 02:48:45', -1, -1),
(210, '123.45.67.210', '123.45.67.0', '24', 67, 1, NULL, '2015-10-16 02:48:45', '2015-10-16 02:48:45', -1, -1),
(211, '123.45.67.211', '123.45.67.0', '24', 67, 1, NULL, '2015-10-16 02:48:45', '2015-10-16 02:48:45', -1, -1),
(212, '123.45.67.212', '123.45.67.0', '24', 67, 1, NULL, '2015-10-16 02:48:45', '2015-10-16 02:48:45', -1, -1),
(213, '123.45.67.213', '123.45.67.0', '24', 67, 1, NULL, '2015-10-16 02:48:45', '2015-10-16 02:48:45', -1, -1),
(214, '123.45.67.214', '123.45.67.0', '24', 67, 1, NULL, '2015-10-16 02:48:45', '2015-10-16 02:48:45', -1, -1),
(215, '123.45.67.215', '123.45.67.0', '24', 67, 1, NULL, '2015-10-16 02:48:45', '2015-10-16 02:48:45', -1, -1),
(216, '123.45.67.216', '123.45.67.0', '24', 67, 1, NULL, '2015-10-16 02:48:45', '2015-10-16 02:48:45', -1, -1),
(217, '123.45.67.217', '123.45.67.0', '24', 67, 1, NULL, '2015-10-16 02:48:45', '2015-10-16 02:48:45', -1, -1),
(218, '123.45.67.218', '123.45.67.0', '24', 67, 1, NULL, '2015-10-16 02:48:45', '2015-10-16 02:48:45', -1, -1),
(219, '123.45.67.219', '123.45.67.0', '24', 67, 1, NULL, '2015-10-16 02:48:45', '2015-10-16 02:48:45', -1, -1),
(220, '123.45.67.220', '123.45.67.0', '24', 67, 1, NULL, '2015-10-16 02:48:45', '2015-10-16 02:48:45', -1, -1),
(221, '123.45.67.221', '123.45.67.0', '24', 67, 1, NULL, '2015-10-16 02:48:45', '2015-10-16 02:48:45', -1, -1),
(222, '123.45.67.222', '123.45.67.0', '24', 67, 1, NULL, '2015-10-16 02:48:45', '2015-10-16 02:48:45', -1, -1),
(223, '123.45.67.223', '123.45.67.0', '24', 67, 1, NULL, '2015-10-16 02:48:45', '2015-10-16 02:48:45', -1, -1),
(224, '123.45.67.224', '123.45.67.0', '24', 67, 1, NULL, '2015-10-16 02:48:45', '2015-10-16 02:48:45', -1, -1),
(225, '123.45.67.225', '123.45.67.0', '24', 67, 1, NULL, '2015-10-16 02:48:45', '2015-10-16 02:48:45', -1, -1),
(226, '123.45.67.226', '123.45.67.0', '24', 67, 1, NULL, '2015-10-16 02:48:45', '2015-10-16 02:48:45', -1, -1),
(227, '123.45.67.227', '123.45.67.0', '24', 67, 1, NULL, '2015-10-16 02:48:45', '2015-10-16 02:48:45', -1, -1),
(228, '123.45.67.228', '123.45.67.0', '24', 67, 1, NULL, '2015-10-16 02:48:45', '2015-10-16 02:48:45', -1, -1),
(229, '123.45.67.229', '123.45.67.0', '24', 67, 1, NULL, '2015-10-16 02:48:45', '2015-10-16 02:48:45', -1, -1),
(230, '123.45.67.230', '123.45.67.0', '24', 67, 1, NULL, '2015-10-16 02:48:45', '2015-10-16 02:48:45', -1, -1),
(231, '123.45.67.231', '123.45.67.0', '24', 67, 1, NULL, '2015-10-16 02:48:45', '2015-10-16 02:48:45', -1, -1),
(232, '123.45.67.232', '123.45.67.0', '24', 67, 1, NULL, '2015-10-16 02:48:45', '2015-10-16 02:48:45', -1, -1),
(233, '123.45.67.233', '123.45.67.0', '24', 67, 1, NULL, '2015-10-16 02:48:45', '2015-10-16 02:48:45', -1, -1),
(234, '123.45.67.234', '123.45.67.0', '24', 67, 1, NULL, '2015-10-16 02:48:45', '2015-10-16 02:48:45', -1, -1),
(235, '123.45.67.235', '123.45.67.0', '24', 67, 1, NULL, '2015-10-16 02:48:45', '2015-10-16 02:48:45', -1, -1),
(236, '123.45.67.236', '123.45.67.0', '24', 67, 1, NULL, '2015-10-16 02:48:45', '2015-10-16 02:48:45', -1, -1),
(237, '123.45.67.237', '123.45.67.0', '24', 67, 1, NULL, '2015-10-16 02:48:45', '2015-10-16 02:48:45', -1, -1),
(238, '123.45.67.238', '123.45.67.0', '24', 67, 1, NULL, '2015-10-16 02:48:45', '2015-10-16 02:48:45', -1, -1),
(239, '123.45.67.239', '123.45.67.0', '24', 67, 1, NULL, '2015-10-16 02:48:45', '2015-10-16 02:48:45', -1, -1),
(240, '123.45.67.240', '123.45.67.0', '24', 67, 1, NULL, '2015-10-16 02:48:45', '2015-10-16 02:48:45', -1, -1),
(241, '123.45.67.241', '123.45.67.0', '24', 67, 1, NULL, '2015-10-16 02:48:45', '2015-10-16 02:48:45', -1, -1),
(242, '123.45.67.242', '123.45.67.0', '24', 67, 1, NULL, '2015-10-16 02:48:45', '2015-10-16 02:48:45', -1, -1),
(243, '123.45.67.243', '123.45.67.0', '24', 67, 1, NULL, '2015-10-16 02:48:45', '2015-10-16 02:48:45', -1, -1),
(244, '123.45.67.244', '123.45.67.0', '24', 67, 1, NULL, '2015-10-16 02:48:45', '2015-10-16 02:48:45', -1, -1),
(245, '123.45.67.245', '123.45.67.0', '24', 67, 1, NULL, '2015-10-16 02:48:45', '2015-10-16 02:48:45', -1, -1),
(246, '123.45.67.246', '123.45.67.0', '24', 67, 1, NULL, '2015-10-16 02:48:45', '2015-10-16 02:48:45', -1, -1),
(247, '123.45.67.247', '123.45.67.0', '24', 67, 1, NULL, '2015-10-16 02:48:45', '2015-10-16 02:48:45', -1, -1),
(248, '123.45.67.248', '123.45.67.0', '24', 67, 1, NULL, '2015-10-16 02:48:45', '2015-10-16 02:48:45', -1, -1),
(249, '123.45.67.249', '123.45.67.0', '24', 67, 1, NULL, '2015-10-16 02:48:45', '2015-10-16 02:48:45', -1, -1),
(250, '123.45.67.250', '123.45.67.0', '24', 67, 1, NULL, '2015-10-16 02:48:45', '2015-10-16 02:48:45', -1, -1),
(251, '123.45.67.251', '123.45.67.0', '24', 67, 1, NULL, '2015-10-16 02:48:45', '2015-10-16 02:48:45', -1, -1),
(252, '123.45.67.252', '123.45.67.0', '24', 67, 1, NULL, '2015-10-16 02:48:45', '2015-10-16 02:48:45', -1, -1),
(253, '123.45.67.253', '123.45.67.0', '24', 67, 1, NULL, '2015-10-16 02:48:45', '2015-10-16 02:48:45', -1, -1),
(254, '123.45.67.254', '123.45.67.0', '24', 67, 1, NULL, '2015-10-16 02:48:45', '2015-10-16 02:48:45', -1, -1);

--
-- Truncate table before insert `resource_rack`
--

TRUNCATE TABLE `resource_rack`;
--
-- Dumping data for table `resource_rack`
--

INSERT INTO `resource_rack` (`ResourceRackID`, `Zone`, `Position`, `SubPosition`, `RackType`, `RackSize`, `EnableResourceRack`, `OrderDetailID`, `DateTimeCreate`, `DateTimeUpdate`, `CreateBy`, `UpdateBy`) VALUES
(1, 'A', 1, 1, 'full rack', 42, 1, 1, '2015-10-16 02:46:31', '2015-10-16 03:14:55', -1, -1),
(2, 'A', 2, 1, 'full rack', 42, 1, NULL, '2015-10-16 02:46:31', '2015-10-16 02:46:31', -1, -1),
(3, 'A', 3, 1, 'full rack', 42, 1, NULL, '2015-10-16 02:46:31', '2015-10-16 02:46:31', -1, -1),
(4, 'B', 1, 1, '1/2 rack', 42, 1, NULL, '2015-10-16 02:46:47', '2015-10-16 02:46:47', -1, -1),
(5, 'B', 1, 2, '1/2 rack', 42, 1, NULL, '2015-10-16 02:46:47', '2015-10-16 02:46:47', -1, -1),
(6, 'B', 2, 1, '1/2 rack', 42, 1, NULL, '2015-10-16 02:46:47', '2015-10-16 02:46:47', -1, -1),
(7, 'B', 2, 2, '1/2 rack', 42, 1, NULL, '2015-10-16 02:46:47', '2015-10-16 02:46:47', -1, -1),
(8, 'D', 1, 1, '1/4 rack', 42, 1, NULL, '2015-10-16 02:47:08', '2015-10-16 02:47:08', -1, -1),
(9, 'D', 1, 2, '1/4 rack', 42, 1, NULL, '2015-10-16 02:47:08', '2015-10-16 02:47:08', -1, -1),
(10, 'D', 1, 3, '1/4 rack', 42, 1, NULL, '2015-10-16 02:47:08', '2015-10-16 02:47:08', -1, -1),
(11, 'D', 1, 4, '1/4 rack', 42, 1, NULL, '2015-10-16 02:47:08', '2015-10-16 02:47:08', -1, -1),
(12, 'D', 2, 1, '1/4 rack', 42, 1, NULL, '2015-10-16 02:47:08', '2015-10-16 02:47:08', -1, -1),
(13, 'D', 2, 2, '1/4 rack', 42, 1, NULL, '2015-10-16 02:47:08', '2015-10-16 02:47:08', -1, -1),
(14, 'D', 2, 3, '1/4 rack', 42, 1, NULL, '2015-10-16 02:47:08', '2015-10-16 02:47:08', -1, -1),
(15, 'D', 2, 4, '1/4 rack', 42, 1, NULL, '2015-10-16 02:47:08', '2015-10-16 02:47:08', -1, -1),
(16, 'D', 3, 1, '1/4 rack', 42, 1, NULL, '2015-10-16 02:47:08', '2015-10-16 02:47:08', -1, -1),
(17, 'D', 3, 2, '1/4 rack', 42, 1, NULL, '2015-10-16 02:47:08', '2015-10-16 02:47:08', -1, -1),
(18, 'D', 3, 3, '1/4 rack', 42, 1, NULL, '2015-10-16 02:47:08', '2015-10-16 02:47:08', -1, -1),
(19, 'D', 3, 4, '1/4 rack', 42, 1, NULL, '2015-10-16 02:47:08', '2015-10-16 02:47:08', -1, -1),
(20, 'C', 1, 1, 'shared rack', 42, 1, NULL, '2015-10-16 02:47:38', '2015-10-16 02:47:38', -1, -1),
(21, 'C', 1, 2, 'shared rack', 42, 1, NULL, '2015-10-16 02:47:38', '2015-10-16 02:47:38', -1, -1),
(22, 'C', 1, 3, 'shared rack', 42, 1, NULL, '2015-10-16 02:47:38', '2015-10-16 02:47:38', -1, -1),
(23, 'C', 1, 4, 'shared rack', 42, 1, NULL, '2015-10-16 02:47:38', '2015-10-16 02:47:38', -1, -1),
(24, 'C', 1, 5, 'shared rack', 42, 1, NULL, '2015-10-16 02:47:38', '2015-10-16 02:47:38', -1, -1),
(25, 'C', 1, 6, 'shared rack', 42, 1, NULL, '2015-10-16 02:47:38', '2015-10-16 02:47:38', -1, -1),
(26, 'C', 1, 7, 'shared rack', 42, 1, NULL, '2015-10-16 02:47:38', '2015-10-16 02:47:38', -1, -1),
(27, 'C', 1, 8, 'shared rack', 42, 1, NULL, '2015-10-16 02:47:38', '2015-10-16 02:47:38', -1, -1),
(28, 'C', 1, 9, 'shared rack', 42, 1, NULL, '2015-10-16 02:47:38', '2015-10-16 02:47:38', -1, -1),
(29, 'C', 1, 10, 'shared rack', 42, 1, NULL, '2015-10-16 02:47:38', '2015-10-16 02:47:38', -1, -1),
(30, 'C', 1, 11, 'shared rack', 42, 1, NULL, '2015-10-16 02:47:38', '2015-10-16 02:47:38', -1, -1),
(31, 'C', 1, 12, 'shared rack', 42, 1, NULL, '2015-10-16 02:47:38', '2015-10-16 02:47:38', -1, -1),
(32, 'C', 1, 13, 'shared rack', 42, 1, NULL, '2015-10-16 02:47:38', '2015-10-16 02:47:38', -1, -1),
(33, 'C', 1, 14, 'shared rack', 42, 1, NULL, '2015-10-16 02:47:38', '2015-10-16 02:47:38', -1, -1),
(34, 'C', 1, 15, 'shared rack', 42, 1, NULL, '2015-10-16 02:47:38', '2015-10-16 02:47:38', -1, -1),
(35, 'C', 1, 16, 'shared rack', 42, 1, NULL, '2015-10-16 02:47:38', '2015-10-16 02:47:38', -1, -1),
(36, 'C', 1, 17, 'shared rack', 42, 1, NULL, '2015-10-16 02:47:38', '2015-10-16 02:47:38', -1, -1),
(37, 'C', 1, 18, 'shared rack', 42, 1, NULL, '2015-10-16 02:47:38', '2015-10-16 02:47:38', -1, -1),
(38, 'C', 1, 19, 'shared rack', 42, 1, NULL, '2015-10-16 02:47:38', '2015-10-16 02:47:38', -1, -1),
(39, 'C', 1, 20, 'shared rack', 42, 1, NULL, '2015-10-16 02:47:38', '2015-10-16 02:47:38', -1, -1),
(40, 'C', 1, 21, 'shared rack', 42, 1, NULL, '2015-10-16 02:47:38', '2015-10-16 02:47:38', -1, -1),
(41, 'C', 1, 22, 'shared rack', 42, 1, NULL, '2015-10-16 02:47:38', '2015-10-16 02:47:38', -1, -1),
(42, 'C', 1, 23, 'shared rack', 42, 1, NULL, '2015-10-16 02:47:38', '2015-10-16 02:47:38', -1, -1),
(43, 'C', 1, 24, 'shared rack', 42, 1, NULL, '2015-10-16 02:47:38', '2015-10-16 02:47:38', -1, -1),
(44, 'C', 1, 25, 'shared rack', 42, 1, NULL, '2015-10-16 02:47:38', '2015-10-16 02:47:38', -1, -1),
(45, 'C', 1, 26, 'shared rack', 42, 1, NULL, '2015-10-16 02:47:38', '2015-10-16 02:47:38', -1, -1),
(46, 'C', 1, 27, 'shared rack', 42, 1, NULL, '2015-10-16 02:47:38', '2015-10-16 02:47:38', -1, -1),
(47, 'C', 1, 28, 'shared rack', 42, 1, NULL, '2015-10-16 02:47:38', '2015-10-16 02:47:38', -1, -1),
(48, 'C', 1, 29, 'shared rack', 42, 1, NULL, '2015-10-16 02:47:38', '2015-10-16 02:47:38', -1, -1),
(49, 'C', 1, 30, 'shared rack', 42, 1, NULL, '2015-10-16 02:47:38', '2015-10-16 02:47:38', -1, -1),
(50, 'C', 1, 31, 'shared rack', 42, 1, NULL, '2015-10-16 02:47:38', '2015-10-16 02:47:38', -1, -1),
(51, 'C', 1, 32, 'shared rack', 42, 1, NULL, '2015-10-16 02:47:38', '2015-10-16 02:47:38', -1, -1),
(52, 'C', 1, 33, 'shared rack', 42, 1, NULL, '2015-10-16 02:47:38', '2015-10-16 02:47:38', -1, -1),
(53, 'C', 1, 34, 'shared rack', 42, 1, NULL, '2015-10-16 02:47:38', '2015-10-16 02:47:38', -1, -1),
(54, 'C', 1, 35, 'shared rack', 42, 1, NULL, '2015-10-16 02:47:38', '2015-10-16 02:47:38', -1, -1),
(55, 'C', 1, 36, 'shared rack', 42, 1, NULL, '2015-10-16 02:47:38', '2015-10-16 02:47:38', -1, -1),
(56, 'C', 1, 37, 'shared rack', 42, 1, NULL, '2015-10-16 02:47:38', '2015-10-16 02:47:38', -1, -1),
(57, 'C', 1, 38, 'shared rack', 42, 1, NULL, '2015-10-16 02:47:38', '2015-10-16 02:47:38', -1, -1),
(58, 'C', 1, 39, 'shared rack', 42, 1, NULL, '2015-10-16 02:47:38', '2015-10-16 02:47:38', -1, -1),
(59, 'C', 1, 40, 'shared rack', 42, 1, NULL, '2015-10-16 02:47:38', '2015-10-16 02:47:38', -1, -1),
(60, 'C', 1, 41, 'shared rack', 42, 1, NULL, '2015-10-16 02:47:39', '2015-10-16 02:47:39', -1, -1),
(61, 'C', 1, 42, 'shared rack', 42, 1, NULL, '2015-10-16 02:47:39', '2015-10-16 02:47:39', -1, -1),
(62, 'C', 2, 1, 'shared rack', 42, 1, NULL, '2015-10-16 02:47:39', '2015-10-16 02:47:39', -1, -1),
(63, 'C', 2, 2, 'shared rack', 42, 1, NULL, '2015-10-16 02:47:39', '2015-10-16 02:47:39', -1, -1),
(64, 'C', 2, 3, 'shared rack', 42, 1, NULL, '2015-10-16 02:47:39', '2015-10-16 02:47:39', -1, -1),
(65, 'C', 2, 4, 'shared rack', 42, 1, NULL, '2015-10-16 02:47:39', '2015-10-16 02:47:39', -1, -1),
(66, 'C', 2, 5, 'shared rack', 42, 1, NULL, '2015-10-16 02:47:39', '2015-10-16 02:47:39', -1, -1),
(67, 'C', 2, 6, 'shared rack', 42, 1, NULL, '2015-10-16 02:47:39', '2015-10-16 02:47:39', -1, -1),
(68, 'C', 2, 7, 'shared rack', 42, 1, NULL, '2015-10-16 02:47:39', '2015-10-16 02:47:39', -1, -1),
(69, 'C', 2, 8, 'shared rack', 42, 1, NULL, '2015-10-16 02:47:39', '2015-10-16 02:47:39', -1, -1),
(70, 'C', 2, 9, 'shared rack', 42, 1, NULL, '2015-10-16 02:47:39', '2015-10-16 02:47:39', -1, -1),
(71, 'C', 2, 10, 'shared rack', 42, 1, NULL, '2015-10-16 02:47:39', '2015-10-16 02:47:39', -1, -1),
(72, 'C', 2, 11, 'shared rack', 42, 1, NULL, '2015-10-16 02:47:39', '2015-10-16 02:47:39', -1, -1),
(73, 'C', 2, 12, 'shared rack', 42, 1, NULL, '2015-10-16 02:47:39', '2015-10-16 02:47:39', -1, -1),
(74, 'C', 2, 13, 'shared rack', 42, 1, NULL, '2015-10-16 02:47:39', '2015-10-16 02:47:39', -1, -1),
(75, 'C', 2, 14, 'shared rack', 42, 1, NULL, '2015-10-16 02:47:39', '2015-10-16 02:47:39', -1, -1),
(76, 'C', 2, 15, 'shared rack', 42, 1, NULL, '2015-10-16 02:47:39', '2015-10-16 02:47:39', -1, -1),
(77, 'C', 2, 16, 'shared rack', 42, 1, NULL, '2015-10-16 02:47:39', '2015-10-16 02:47:39', -1, -1),
(78, 'C', 2, 17, 'shared rack', 42, 1, NULL, '2015-10-16 02:47:39', '2015-10-16 02:47:39', -1, -1),
(79, 'C', 2, 18, 'shared rack', 42, 1, NULL, '2015-10-16 02:47:39', '2015-10-16 02:47:39', -1, -1),
(80, 'C', 2, 19, 'shared rack', 42, 1, NULL, '2015-10-16 02:47:39', '2015-10-16 02:47:39', -1, -1),
(81, 'C', 2, 20, 'shared rack', 42, 1, NULL, '2015-10-16 02:47:39', '2015-10-16 02:47:39', -1, -1),
(82, 'C', 2, 21, 'shared rack', 42, 1, NULL, '2015-10-16 02:47:39', '2015-10-16 02:47:39', -1, -1),
(83, 'C', 2, 22, 'shared rack', 42, 1, NULL, '2015-10-16 02:47:39', '2015-10-16 02:47:39', -1, -1),
(84, 'C', 2, 23, 'shared rack', 42, 1, NULL, '2015-10-16 02:47:39', '2015-10-16 02:47:39', -1, -1),
(85, 'C', 2, 24, 'shared rack', 42, 1, NULL, '2015-10-16 02:47:39', '2015-10-16 02:47:39', -1, -1),
(86, 'C', 2, 25, 'shared rack', 42, 1, NULL, '2015-10-16 02:47:39', '2015-10-16 02:47:39', -1, -1),
(87, 'C', 2, 26, 'shared rack', 42, 1, NULL, '2015-10-16 02:47:39', '2015-10-16 02:47:39', -1, -1),
(88, 'C', 2, 27, 'shared rack', 42, 1, NULL, '2015-10-16 02:47:39', '2015-10-16 02:47:39', -1, -1),
(89, 'C', 2, 28, 'shared rack', 42, 1, NULL, '2015-10-16 02:47:39', '2015-10-16 02:47:39', -1, -1),
(90, 'C', 2, 29, 'shared rack', 42, 1, NULL, '2015-10-16 02:47:39', '2015-10-16 02:47:39', -1, -1),
(91, 'C', 2, 30, 'shared rack', 42, 1, NULL, '2015-10-16 02:47:39', '2015-10-16 02:47:39', -1, -1),
(92, 'C', 2, 31, 'shared rack', 42, 1, NULL, '2015-10-16 02:47:39', '2015-10-16 02:47:39', -1, -1),
(93, 'C', 2, 32, 'shared rack', 42, 1, NULL, '2015-10-16 02:47:39', '2015-10-16 02:47:39', -1, -1),
(94, 'C', 2, 33, 'shared rack', 42, 1, NULL, '2015-10-16 02:47:39', '2015-10-16 02:47:39', -1, -1),
(95, 'C', 2, 34, 'shared rack', 42, 1, NULL, '2015-10-16 02:47:39', '2015-10-16 02:47:39', -1, -1),
(96, 'C', 2, 35, 'shared rack', 42, 1, NULL, '2015-10-16 02:47:39', '2015-10-16 02:47:39', -1, -1),
(97, 'C', 2, 36, 'shared rack', 42, 1, NULL, '2015-10-16 02:47:39', '2015-10-16 02:47:39', -1, -1),
(98, 'C', 2, 37, 'shared rack', 42, 1, NULL, '2015-10-16 02:47:39', '2015-10-16 02:47:39', -1, -1),
(99, 'C', 2, 38, 'shared rack', 42, 1, NULL, '2015-10-16 02:47:39', '2015-10-16 02:47:39', -1, -1),
(100, 'C', 2, 39, 'shared rack', 42, 1, NULL, '2015-10-16 02:47:39', '2015-10-16 02:47:39', -1, -1),
(101, 'C', 2, 40, 'shared rack', 42, 1, NULL, '2015-10-16 02:47:39', '2015-10-16 02:47:39', -1, -1),
(102, 'C', 2, 41, 'shared rack', 42, 1, NULL, '2015-10-16 02:47:39', '2015-10-16 02:47:39', -1, -1),
(103, 'C', 2, 42, 'shared rack', 42, 1, NULL, '2015-10-16 02:47:39', '2015-10-16 02:47:39', -1, -1);

--
-- Truncate table before insert `resource_service`
--

TRUNCATE TABLE `resource_service`;
--
-- Truncate table before insert `resource_switch`
--

TRUNCATE TABLE `resource_switch`;
--
-- Dumping data for table `resource_switch`
--

INSERT INTO `resource_switch` (`ResourceSwitchID`, `SwitchName`, `SwitchIP`, `TotalPort`, `SnmpCommuPublic`, `SnmpCommuPrivate`, `SwitchType`, `EnableResourceSW`, `DateTimeCreate`, `DateTimeUpdate`, `CreateBy`, `UpdateBy`) VALUES
(1, 'SW_MN_IDC_01', '123.45.67.6', '50', 'public', NULL, 'switch', 1, '2015-10-16 02:51:02', '2015-10-16 02:51:02', -1, -1);

--
-- Truncate table before insert `resource_switch_port`
--

TRUNCATE TABLE `resource_switch_port`;
--
-- Dumping data for table `resource_switch_port`
--

INSERT INTO `resource_switch_port` (`ResourceSwitchPortID`, `ResourceSwitchID`, `PortNumber`, `PortType`, `Uplink`, `EnableResourcePort`, `OrderDetailID`, `DateTimeCreate`, `DateTimeUpdate`, `CreateBy`, `UpdateBy`) VALUES
(1, 1, 1, 'GigabitEthernet', 0, 1, NULL, '2015-10-16 02:51:02', '2015-10-16 02:51:02', -1, -1),
(2, 1, 2, 'GigabitEthernet', 0, 1, NULL, '2015-10-16 02:51:02', '2015-10-16 02:51:02', -1, -1),
(3, 1, 3, 'GigabitEthernet', 0, 1, NULL, '2015-10-16 02:51:02', '2015-10-16 02:51:02', -1, -1),
(4, 1, 4, 'GigabitEthernet', 0, 1, NULL, '2015-10-16 02:51:02', '2015-10-16 02:51:02', -1, -1),
(5, 1, 5, 'GigabitEthernet', 0, 1, NULL, '2015-10-16 02:51:02', '2015-10-16 02:51:02', -1, -1),
(6, 1, 6, 'GigabitEthernet', 0, 1, NULL, '2015-10-16 02:51:02', '2015-10-16 02:51:02', -1, -1),
(7, 1, 7, 'GigabitEthernet', 0, 1, NULL, '2015-10-16 02:51:02', '2015-10-16 02:51:02', -1, -1),
(8, 1, 8, 'GigabitEthernet', 0, 1, NULL, '2015-10-16 02:51:02', '2015-10-16 02:51:02', -1, -1),
(9, 1, 9, 'GigabitEthernet', 0, 1, NULL, '2015-10-16 02:51:02', '2015-10-16 02:51:02', -1, -1),
(10, 1, 10, 'GigabitEthernet', 0, 1, NULL, '2015-10-16 02:51:02', '2015-10-16 02:51:02', -1, -1),
(11, 1, 11, 'GigabitEthernet', 0, 1, NULL, '2015-10-16 02:51:02', '2015-10-16 02:51:02', -1, -1),
(12, 1, 12, 'GigabitEthernet', 0, 1, NULL, '2015-10-16 02:51:02', '2015-10-16 02:51:02', -1, -1),
(13, 1, 13, 'GigabitEthernet', 0, 1, NULL, '2015-10-16 02:51:02', '2015-10-16 02:51:02', -1, -1),
(14, 1, 14, 'GigabitEthernet', 0, 1, NULL, '2015-10-16 02:51:02', '2015-10-16 02:51:02', -1, -1),
(15, 1, 15, 'GigabitEthernet', 0, 1, NULL, '2015-10-16 02:51:02', '2015-10-16 02:51:02', -1, -1),
(16, 1, 16, 'GigabitEthernet', 0, 1, NULL, '2015-10-16 02:51:02', '2015-10-16 02:51:02', -1, -1),
(17, 1, 17, 'GigabitEthernet', 0, 1, NULL, '2015-10-16 02:51:02', '2015-10-16 02:51:02', -1, -1),
(18, 1, 18, 'GigabitEthernet', 0, 1, NULL, '2015-10-16 02:51:02', '2015-10-16 02:51:02', -1, -1),
(19, 1, 19, 'GigabitEthernet', 0, 1, NULL, '2015-10-16 02:51:02', '2015-10-16 02:51:02', -1, -1),
(20, 1, 20, 'GigabitEthernet', 0, 1, NULL, '2015-10-16 02:51:02', '2015-10-16 02:51:02', -1, -1),
(21, 1, 21, 'GigabitEthernet', 0, 1, NULL, '2015-10-16 02:51:02', '2015-10-16 02:51:02', -1, -1),
(22, 1, 22, 'GigabitEthernet', 0, 1, NULL, '2015-10-16 02:51:02', '2015-10-16 02:51:02', -1, -1),
(23, 1, 23, 'GigabitEthernet', 0, 1, NULL, '2015-10-16 02:51:02', '2015-10-16 02:51:02', -1, -1),
(24, 1, 24, 'GigabitEthernet', 0, 1, NULL, '2015-10-16 02:51:02', '2015-10-16 02:51:02', -1, -1),
(25, 1, 25, 'GigabitEthernet', 0, 1, NULL, '2015-10-16 02:51:02', '2015-10-16 02:51:02', -1, -1),
(26, 1, 26, 'GigabitEthernet', 0, 1, NULL, '2015-10-16 02:51:02', '2015-10-16 02:51:02', -1, -1),
(27, 1, 27, 'GigabitEthernet', 0, 1, NULL, '2015-10-16 02:51:02', '2015-10-16 02:51:02', -1, -1),
(28, 1, 28, 'GigabitEthernet', 0, 1, NULL, '2015-10-16 02:51:02', '2015-10-16 02:51:02', -1, -1),
(29, 1, 29, 'GigabitEthernet', 0, 1, NULL, '2015-10-16 02:51:02', '2015-10-16 02:51:02', -1, -1),
(30, 1, 30, 'GigabitEthernet', 0, 1, NULL, '2015-10-16 02:51:02', '2015-10-16 02:51:02', -1, -1),
(31, 1, 31, 'GigabitEthernet', 0, 1, NULL, '2015-10-16 02:51:02', '2015-10-16 02:51:02', -1, -1),
(32, 1, 32, 'GigabitEthernet', 0, 1, NULL, '2015-10-16 02:51:02', '2015-10-16 02:51:02', -1, -1),
(33, 1, 33, 'GigabitEthernet', 0, 1, NULL, '2015-10-16 02:51:02', '2015-10-16 02:51:02', -1, -1),
(34, 1, 34, 'GigabitEthernet', 0, 1, NULL, '2015-10-16 02:51:02', '2015-10-16 02:51:02', -1, -1),
(35, 1, 35, 'GigabitEthernet', 0, 1, NULL, '2015-10-16 02:51:02', '2015-10-16 02:51:02', -1, -1),
(36, 1, 36, 'GigabitEthernet', 0, 1, NULL, '2015-10-16 02:51:02', '2015-10-16 02:51:02', -1, -1),
(37, 1, 37, 'GigabitEthernet', 0, 1, NULL, '2015-10-16 02:51:02', '2015-10-16 02:51:02', -1, -1),
(38, 1, 38, 'GigabitEthernet', 0, 1, NULL, '2015-10-16 02:51:02', '2015-10-16 02:51:02', -1, -1),
(39, 1, 39, 'GigabitEthernet', 0, 1, NULL, '2015-10-16 02:51:02', '2015-10-16 02:51:02', -1, -1),
(40, 1, 40, 'GigabitEthernet', 0, 1, NULL, '2015-10-16 02:51:02', '2015-10-16 02:51:02', -1, -1),
(41, 1, 41, 'GigabitEthernet', 0, 1, NULL, '2015-10-16 02:51:02', '2015-10-16 02:51:02', -1, -1),
(42, 1, 42, 'GigabitEthernet', 0, 1, NULL, '2015-10-16 02:51:02', '2015-10-16 02:51:02', -1, -1),
(43, 1, 43, 'GigabitEthernet', 0, 1, NULL, '2015-10-16 02:51:02', '2015-10-16 02:51:02', -1, -1),
(44, 1, 44, 'GigabitEthernet', 0, 1, NULL, '2015-10-16 02:51:02', '2015-10-16 02:51:02', -1, -1),
(45, 1, 45, 'GigabitEthernet', 0, 1, NULL, '2015-10-16 02:51:02', '2015-10-16 02:51:02', -1, -1),
(46, 1, 46, 'GigabitEthernet', 0, 1, NULL, '2015-10-16 02:51:02', '2015-10-16 02:51:02', -1, -1),
(47, 1, 47, 'GigabitEthernet', 0, 1, NULL, '2015-10-16 02:51:02', '2015-10-16 02:51:02', -1, -1),
(48, 1, 48, 'GigabitEthernet', 0, 1, NULL, '2015-10-16 02:51:02', '2015-10-16 02:51:02', -1, -1),
(49, 1, 49, 'GigabitEthernet', 1, 1, NULL, '2015-10-16 02:51:02', '2015-10-16 02:51:02', -1, -1),
(50, 1, 50, 'GigabitEthernet', 1, 1, 1, '2015-10-16 02:51:02', '2015-10-16 03:15:04', -1, -1);

--
-- Truncate table before insert `resource_switch_vlan`
--

TRUNCATE TABLE `resource_switch_vlan`;
--
-- Dumping data for table `resource_switch_vlan`
--

INSERT INTO `resource_switch_vlan` (`VlanID`, `VlanNumber`, `SwitchID`) VALUES
(1, 67, 1),
(2, 128, 1);

--
-- Truncate table before insert `ticket`
--

TRUNCATE TABLE `ticket`;
--
-- Truncate table before insert `ticket_event`
--

TRUNCATE TABLE `ticket_event`;