-- phpMyAdmin SQL Dump
-- version 4.2.11
-- http://www.phpmyadmin.net
--
-- Host: 127.0.0.1
-- Generation Time: Oct 13, 2015 at 11:04 AM
-- Server version: 5.6.21
-- PHP Version: 5.6.3

SET SQL_MODE = "NO_AUTO_VALUE_ON_ZERO";
SET time_zone = "+00:00";

--
-- Database: `cat_dcms`
--

--
-- Truncate table before insert `cus_customer`
--

TRUNCATE TABLE `cus_customer`;
--
-- Dumping data for table `cus_customer`
--

INSERT INTO `cus_customer` (`CustomerID`, `PrefixID`, `CustomerStatus`, `CustomerName`, `BusinessType`, `Email`, `Phone`, `Fax`, `Address`, `Township`, `City`, `Province`, `Zipcode`, `Country`, `DateTimeCreate`, `DateTimeUpdate`, `CreateBy`, `UpdateBy`) VALUES
(1, 'CUS', 'active', 'สัมพันธ์', 'บุคคล', 'sampan.sara@outlook.com', '0873616961', '0909404625', '34 ม.12', 'จรเข้สามพัน', 'อู่ทอง', 'สุพรรณบุรี', 71170, 'ไทย', '2015-10-05 13:53:49', '2015-10-09 07:07:00', 1, -1),
(2, 'CUS', 'active', 'กหดฟหด', 'กสท', 'fgafd@dff', 'dfasdfa', 'sdfsf', 'sdfasd', 'sdfasfs', 'fasdf', 'sdf', 0, 'asasdfdf', '2015-10-09 03:25:20', '2015-10-09 03:25:20', 1, 1),
(3, 'CUS', 'active', 'sfdasf', 'กสท', 'sdfasdf@sfdasf', 'asdfsadf', 'sdfsad', 'sadf', 'sadf', 'asf', 'asdfasdfa', 0, 'asdf', '2015-10-09 03:53:44', '2015-10-09 03:53:44', 1, 1);

--
-- Truncate table before insert `cus_item`
--

TRUNCATE TABLE `cus_item`;
--
-- Truncate table before insert `cus_order`
--

TRUNCATE TABLE `cus_order`;
--
-- Dumping data for table `cus_order`
--

INSERT INTO `cus_order` (`OrderID`, `OrderPreID`, `OrderIDOld`, `CustomerID`, `Name`, `Location`, `StatusOrder`, `DateTimeCreate`, `DateTimeUpdate`, `CreateBy`, `UpdateBy`) VALUES
(1, 'A', 'sf', 1, NULL, 'IDC Nonthaburi', 'active', '2015-10-08 04:33:52', '2015-10-08 04:33:52', -1, -1),
(2, 'A', '', 1, NULL, 'IDC Nonthaburi', 'active', '2015-10-08 05:27:44', '2015-10-08 05:27:44', -1, -1),
(3, 'A', 'dfd', 1, NULL, 'IDC Nonthaburi', 'active', '2015-10-08 05:50:17', '2015-10-08 05:50:17', -1, -1),
(4, 'A', '', 1, NULL, 'IDC Nonthaburi', 'active', '2015-10-08 05:53:50', '2015-10-08 05:53:50', -1, -1),
(5, 'A', '', 1, NULL, 'IDC Nonthaburi', 'active', '2015-10-08 05:59:18', '2015-10-08 05:59:18', -1, -1),
(6, 'A', '', 1, NULL, 'IDC Nonthaburi', 'active', '2015-10-09 03:28:33', '2015-10-09 03:28:33', -1, -1),
(7, 'A', '', 1, NULL, 'IDC Nonthaburi', 'active', '2015-10-09 03:45:23', '2015-10-09 03:45:23', -1, -1),
(8, 'A', '', 1, NULL, 'IDC Nonthaburi', 'active', '2015-10-09 03:56:44', '2015-10-09 03:56:44', -1, -1),
(9, 'A', '', 3, NULL, 'IDC Nonthaburi', 'active', '2015-10-09 03:56:52', '2015-10-09 03:56:52', -1, -1),
(10, 'A', 'aaaa', 1, NULL, 'IDC Nonthaburi', 'active', '2015-10-09 04:14:26', '2015-10-09 04:14:26', -1, -1),
(11, 'A', '', 1, NULL, 'IDC Nonthaburi', 'active', '2015-10-09 04:15:07', '2015-10-09 04:15:07', -1, -1),
(12, 'A', '', 1, NULL, 'IDC Nonthaburi', 'active', '2015-10-09 04:22:07', '2015-10-09 04:22:07', -1, -1),
(13, 'A', '', 2, NULL, 'IDC Nonthaburi', 'active', '2015-10-09 07:56:13', '2015-10-09 07:56:13', -1, -1);

--
-- Truncate table before insert `cus_order_bundle_network`
--

TRUNCATE TABLE `cus_order_bundle_network`;
--
-- Dumping data for table `cus_order_bundle_network`
--

INSERT INTO `cus_order_bundle_network` (`orderBundleNetworkID`, `OrderID`, `BundleNetwork`) VALUES
(1, 1, 'ATM'),
(2, 1, 'Leased Line'),
(3, 1, 'Coperate'),
(4, 2, 'Leased Line'),
(5, 3, 'IDC Only'),
(6, 4, 'IDC Only'),
(7, 5, 'IDC Only'),
(8, 6, 'Leased Line'),
(9, 10, 'ATM'),
(10, 11, 'ATM'),
(11, 12, 'ATM'),
(12, 13, 'IDC Only');

--
-- Truncate table before insert `cus_order_detail`
--

TRUNCATE TABLE `cus_order_detail`;
--
-- Dumping data for table `cus_order_detail`
--

INSERT INTO `cus_order_detail` (`OrderDetailID`, `OrderID`, `PackageID`, `OrderDetailStatus`, `DateTimeCreate`, `DateTimeUpdate`, `CreateBy`, `UpdateBy`) VALUES
(1, 1, 3, 'active', '2015-10-08 04:33:52', '2015-10-08 04:33:52', -1, -1),
(2, 1, 4, 'active', '2015-10-08 04:33:52', '2015-10-08 04:33:52', -1, -1),
(3, 2, 3, 'active', '2015-10-08 05:27:44', '2015-10-08 05:27:44', -1, -1),
(4, 2, 3, 'active', '2015-10-08 05:27:44', '2015-10-08 05:27:44', -1, -1),
(5, 2, 3, 'active', '2015-10-08 05:27:44', '2015-10-08 05:27:44', -1, -1),
(6, 2, 3, 'active', '2015-10-08 05:27:44', '2015-10-08 05:27:44', -1, -1),
(7, 2, 3, 'active', '2015-10-08 05:27:44', '2015-10-08 05:27:44', -1, -1),
(8, 2, 3, 'active', '2015-10-08 05:27:44', '2015-10-08 05:27:44', -1, -1),
(9, 2, 3, 'active', '2015-10-08 05:27:44', '2015-10-08 05:27:44', -1, -1),
(10, 2, 3, 'active', '2015-10-08 05:27:44', '2015-10-08 05:27:44', -1, -1),
(11, 2, 3, 'active', '2015-10-08 05:27:44', '2015-10-08 05:27:44', -1, -1),
(12, 2, 3, 'active', '2015-10-08 05:27:44', '2015-10-08 05:27:44', -1, -1),
(13, 2, 4, 'active', '2015-10-08 05:27:44', '2015-10-08 05:27:44', -1, -1),
(14, 2, 4, 'active', '2015-10-08 05:27:44', '2015-10-08 05:27:44', -1, -1),
(15, 2, 4, 'active', '2015-10-08 05:27:44', '2015-10-08 05:27:44', -1, -1),
(16, 2, 4, 'active', '2015-10-08 05:27:44', '2015-10-08 05:27:44', -1, -1),
(17, 2, 4, 'active', '2015-10-08 05:27:44', '2015-10-08 05:27:44', -1, -1),
(18, 3, 3, 'active', '2015-10-08 05:50:17', '2015-10-08 05:50:17', -1, -1),
(19, 4, 3, 'active', '2015-10-08 05:53:50', '2015-10-08 05:53:50', -1, -1),
(20, 4, 4, 'active', '2015-10-08 05:53:50', '2015-10-08 05:53:50', -1, -1),
(21, 5, 3, 'active', '2015-10-08 05:59:18', '2015-10-08 05:59:18', -1, -1),
(22, 6, 3, 'active', '2015-10-09 03:28:34', '2015-10-09 03:28:34', -1, -1),
(23, 11, 3, 'delete', '2015-10-09 04:15:07', '2015-10-09 09:30:49', -1, -1),
(24, 12, 13, 'active', '2015-10-09 04:22:07', '2015-10-09 04:22:07', -1, -1),
(25, 13, 5, 'delete', '2015-10-09 07:56:13', '2015-10-09 09:03:27', -1, -1),
(26, 13, 5, 'delete', '2015-10-09 07:56:13', '2015-10-09 08:56:17', -1, -1),
(27, 13, 14, 'active', '2015-10-09 07:56:13', '2015-10-09 09:03:32', -1, -1),
(28, 13, 4, 'delete', '2015-10-09 07:56:13', '2015-10-09 09:04:52', -1, -1),
(29, 13, 4, 'active', '2015-10-09 07:56:13', '2015-10-09 07:56:13', -1, -1),
(30, 13, 4, 'active', '2015-10-09 07:56:13', '2015-10-09 07:56:13', -1, -1),
(31, 11, 3, 'active', '2015-10-09 09:28:28', '2015-10-09 09:28:28', -1, -1),
(32, 11, 3, 'active', '2015-10-09 09:28:28', '2015-10-09 09:28:28', -1, -1),
(33, 11, 4, 'suppened', '2015-10-09 09:28:28', '2015-10-09 09:30:22', -1, -1),
(34, 11, 4, 'active', '2015-10-09 09:30:36', '2015-10-09 09:30:36', -1, -1),
(35, 10, 3, 'active', '2015-10-09 09:31:59', '2015-10-09 09:31:59', -1, -1);

--
-- Truncate table before insert `cus_package`
--

TRUNCATE TABLE `cus_package`;
--
-- Dumping data for table `cus_package`
--

INSERT INTO `cus_package` (`PackageID`, `PackageName`, `PackageDetail`, `PackageType`, `PackageCategory`, `PackageStatus`, `IPAmount`, `PortAmount`, `RackAmount`, `ServiceAmount`, `DateTimeCreate`, `DateTimeUpdate`, `CreateBy`, `UpdateBy`) VALUES
(2, 'ทอสอบ', 'ทอสอบ', 'main', 'full rack', 'not active', 11, 11, 11, 1, '2015-10-06 03:32:02', '2015-10-06 04:22:35', 1, -2),
(3, 'sdaf', 'sdaf', 'main', 'full rack', 'active', 1, 1, 1, 0, '2015-10-06 03:34:33', '2015-10-06 04:22:30', -1, -2),
(4, 'fadsfasdf', 'fadsfasd', 'add-on', 'full rack', 'active', 1, 1, 1, 1, '2015-10-06 03:39:39', '2015-10-06 03:39:39', -1, -1),
(5, 'Test#1', 'Test#1', 'main', 'firewall', 'not active', 1, 1, 1, 1, '2015-10-09 04:18:07', '2015-10-12 03:57:42', -1, -2),
(6, 'Test#2', '', 'main', 'full rack', 'active', 0, 0, 0, 0, '2015-10-09 04:18:11', '2015-10-09 04:18:11', -1, -1),
(7, 'Test#3', '', 'main', 'full rack', 'active', 0, 0, 0, 0, '2015-10-09 04:18:16', '2015-10-09 04:18:16', -1, -1),
(8, 'Test#4', '', 'main', 'full rack', 'active', 0, 0, 0, 0, '2015-10-09 04:18:22', '2015-10-09 04:18:22', -1, -1),
(9, 'Test#5', '', 'main', 'full rack', 'active', 0, 0, 0, 0, '2015-10-09 04:18:28', '2015-10-09 04:18:28', -1, -1),
(10, 'Test#6', '', 'main', 'full rack', 'active', 0, 0, 0, 0, '2015-10-09 04:18:33', '2015-10-09 04:18:33', -1, -1),
(11, 'Test#7', '', 'main', 'full rack', 'active', 0, 0, 0, 0, '2015-10-09 04:18:39', '2015-10-09 04:18:39', -1, -1),
(12, 'Test#8', '', 'main', 'full rack', 'active', 0, 0, 0, 0, '2015-10-09 04:18:43', '2015-10-09 04:18:43', -1, -1),
(13, 'Test#9', '', 'main', 'full rack', 'active', 0, 0, 0, 0, '2015-10-09 04:18:48', '2015-10-09 04:18:48', -1, -1),
(14, 'Test#10 Test#10 Test#10 Test#10 ', 'Test#10', 'main', 'full rack', 'active', 0, 0, 0, 0, '2015-10-09 04:18:56', '2015-10-09 07:56:58', -1, -2);

--
-- Truncate table before insert `cus_person`
--

TRUNCATE TABLE `cus_person`;
--
-- Dumping data for table `cus_person`
--

INSERT INTO `cus_person` (`PersonID`, `Fname`, `Lname`, `Phone`, `Email`, `CustomerID`, `Password`, `CatEmpID`, `IDCard`, `TypePerson`, `Position`, `PersonStatus`) VALUES
(1, 'สัมพันธ์', 'สาราณียะพงษ์', '0873616961', 'sampan.sara@outlook.com', 1, '123456', NULL, NULL, 'contact', NULL, 'active'),
(2, 'sfs', 'sfsaf', 'jkjl;jkl', 'sfasf@sdfsaf', NULL, 'sdfsaf', NULL, NULL, 'subcontact', NULL, 'active'),
(4, 'sfsa', 'dfsdf', 'sfsdf', 'catsfdf@sdfsdf', NULL, '123456', NULL, NULL, 'subcontact', NULL, 'active'),
(5, 'sdf1a', 'sfsd1', 'fsdf1', 'cat@sdfasfasdf1', 1, '1234561', NULL, NULL, 'subcontact', NULL, 'not active'),
(7, 'ฟดกฟหกดฟหด', 'ฟหกดฟหดฟหก', 'sdfsdfดฟหกดฟหด', 'cat@sdfsdf', 1, '123456กด', NULL, NULL, 'subcontact', NULL, 'active'),
(8, 'sfsas', 'fasdfd', 'fsdf', 'cat@sdfasfasfa', 1, '123456', NULL, NULL, 'contact', NULL, 'active'),
(9, 'erar', 'dfaasdfa', 'sdfasdfa', 'cat@faefsdfaf', 1, 'asdferafd', NULL, NULL, 'contact', NULL, 'active'),
(10, 'fddsf', 'afd', 'sfsadfs', 'cat@sdafghj', 1, '123456h', NULL, NULL, 'contact', NULL, 'active'),
(11, 'sfasd', 'sdafsdaf', 'fsafasdf', 'dfda@dsfsd', 2, '123456', NULL, NULL, 'contact', NULL, 'active'),
(12, 'sadfasdf', 'asdfasdf', 'asdfasdfa', 'sdf@sdfa', 3, 'dsfasf', NULL, NULL, 'contact', NULL, 'active'),
(13, '', '', '', '', 3, '', NULL, NULL, 'contact', NULL, 'active');

--
-- Truncate table before insert `entry_idc`
--

TRUNCATE TABLE `entry_idc`;
--
-- Truncate table before insert `entry_idc_zone`
--

TRUNCATE TABLE `entry_idc_zone`;
--
-- Truncate table before insert `resource_ip`
--

TRUNCATE TABLE `resource_ip`;
--
-- Dumping data for table `resource_ip`
--

INSERT INTO `resource_ip` (`ResourceIpID`, `IP`, `NetworkIP`, `Subnet`, `VlanID`, `EnableResourceIP`, `OrderDetailID`, `DateTimeCreate`, `DateTimeUpdate`, `CreateBy`, `UpdateBy`) VALUES
(1, '192.168.111.1', '192.168.111.0', '24', 111, 1, 1, '2015-10-12 06:10:34', '2015-10-12 06:14:18', -1, -1),
(2, '192.168.111.2', '192.168.111.0', '24', 111, 1, 1, '2015-10-12 06:10:34', '2015-10-12 06:14:20', -1, -1),
(3, '192.168.111.3', '192.168.111.0', '24', 111, 1, NULL, '2015-10-12 06:10:34', '2015-10-12 06:10:34', -1, -1),
(4, '192.168.111.4', '192.168.111.0', '24', 111, 1, NULL, '2015-10-12 06:10:34', '2015-10-12 06:10:34', -1, -1),
(5, '192.168.111.5', '192.168.111.0', '24', 111, 1, NULL, '2015-10-12 06:10:34', '2015-10-12 06:10:34', -1, -1),
(6, '192.168.111.6', '192.168.111.0', '24', 111, 1, NULL, '2015-10-12 06:10:34', '2015-10-12 06:10:34', -1, -1),
(7, '192.168.111.7', '192.168.111.0', '24', 111, 1, NULL, '2015-10-12 06:10:34', '2015-10-12 06:10:34', -1, -1),
(8, '192.168.111.8', '192.168.111.0', '24', 111, 1, NULL, '2015-10-12 06:10:34', '2015-10-12 06:10:34', -1, -1),
(9, '192.168.111.9', '192.168.111.0', '24', 111, 1, NULL, '2015-10-12 06:10:34', '2015-10-12 06:10:34', -1, -1),
(10, '192.168.111.10', '192.168.111.0', '24', 111, 1, NULL, '2015-10-12 06:10:34', '2015-10-12 06:10:34', -1, -1),
(11, '192.168.111.11', '192.168.111.0', '24', 111, 1, NULL, '2015-10-12 06:10:34', '2015-10-12 06:10:34', -1, -1),
(12, '192.168.111.12', '192.168.111.0', '24', 111, 1, NULL, '2015-10-12 06:10:34', '2015-10-12 06:10:34', -1, -1),
(13, '192.168.111.13', '192.168.111.0', '24', 111, 1, NULL, '2015-10-12 06:10:34', '2015-10-12 06:10:34', -1, -1),
(14, '192.168.111.14', '192.168.111.0', '24', 111, 1, NULL, '2015-10-12 06:10:34', '2015-10-12 06:10:34', -1, -1),
(15, '192.168.111.15', '192.168.111.0', '24', 111, 1, NULL, '2015-10-12 06:10:34', '2015-10-12 06:10:34', -1, -1),
(16, '192.168.111.16', '192.168.111.0', '24', 111, 1, NULL, '2015-10-12 06:10:34', '2015-10-12 06:10:34', -1, -1),
(17, '192.168.111.17', '192.168.111.0', '24', 111, 1, NULL, '2015-10-12 06:10:34', '2015-10-12 06:10:34', -1, -1),
(18, '192.168.111.18', '192.168.111.0', '24', 111, 1, NULL, '2015-10-12 06:10:34', '2015-10-12 06:10:34', -1, -1),
(19, '192.168.111.19', '192.168.111.0', '24', 111, 1, NULL, '2015-10-12 06:10:34', '2015-10-12 06:10:34', -1, -1),
(20, '192.168.111.20', '192.168.111.0', '24', 111, 1, NULL, '2015-10-12 06:10:34', '2015-10-12 06:10:34', -1, -1),
(21, '192.168.111.21', '192.168.111.0', '24', 111, 1, NULL, '2015-10-12 06:10:34', '2015-10-12 06:10:34', -1, -1),
(22, '192.168.111.22', '192.168.111.0', '24', 111, 1, NULL, '2015-10-12 06:10:34', '2015-10-12 06:10:34', -1, -1),
(23, '192.168.111.23', '192.168.111.0', '24', 111, 1, NULL, '2015-10-12 06:10:34', '2015-10-12 06:10:34', -1, -1),
(24, '192.168.111.24', '192.168.111.0', '24', 111, 1, NULL, '2015-10-12 06:10:34', '2015-10-12 06:10:34', -1, -1),
(25, '192.168.111.25', '192.168.111.0', '24', 111, 1, NULL, '2015-10-12 06:10:34', '2015-10-12 06:10:34', -1, -1),
(26, '192.168.111.26', '192.168.111.0', '24', 111, 1, NULL, '2015-10-12 06:10:34', '2015-10-12 06:10:34', -1, -1),
(27, '192.168.111.27', '192.168.111.0', '24', 111, 1, NULL, '2015-10-12 06:10:34', '2015-10-12 06:10:34', -1, -1),
(28, '192.168.111.28', '192.168.111.0', '24', 111, 1, NULL, '2015-10-12 06:10:34', '2015-10-12 06:10:34', -1, -1),
(29, '192.168.111.29', '192.168.111.0', '24', 111, 1, NULL, '2015-10-12 06:10:34', '2015-10-12 06:10:34', -1, -1),
(30, '192.168.111.30', '192.168.111.0', '24', 111, 1, NULL, '2015-10-12 06:10:34', '2015-10-12 06:10:34', -1, -1),
(31, '192.168.111.31', '192.168.111.0', '24', 111, 1, NULL, '2015-10-12 06:10:34', '2015-10-12 06:10:34', -1, -1),
(32, '192.168.111.32', '192.168.111.0', '24', 111, 1, NULL, '2015-10-12 06:10:34', '2015-10-12 06:10:34', -1, -1),
(33, '192.168.111.33', '192.168.111.0', '24', 111, 1, NULL, '2015-10-12 06:10:34', '2015-10-12 06:10:34', -1, -1),
(34, '192.168.111.34', '192.168.111.0', '24', 111, 1, NULL, '2015-10-12 06:10:34', '2015-10-12 06:10:34', -1, -1),
(35, '192.168.111.35', '192.168.111.0', '24', 111, 1, NULL, '2015-10-12 06:10:34', '2015-10-12 06:10:34', -1, -1),
(36, '192.168.111.36', '192.168.111.0', '24', 111, 1, NULL, '2015-10-12 06:10:34', '2015-10-12 06:10:34', -1, -1),
(37, '192.168.111.37', '192.168.111.0', '24', 111, 1, NULL, '2015-10-12 06:10:34', '2015-10-12 06:10:34', -1, -1),
(38, '192.168.111.38', '192.168.111.0', '24', 111, 1, NULL, '2015-10-12 06:10:34', '2015-10-12 06:10:34', -1, -1),
(39, '192.168.111.39', '192.168.111.0', '24', 111, 1, NULL, '2015-10-12 06:10:34', '2015-10-12 06:10:34', -1, -1),
(40, '192.168.111.40', '192.168.111.0', '24', 111, 1, NULL, '2015-10-12 06:10:34', '2015-10-12 06:10:34', -1, -1),
(41, '192.168.111.41', '192.168.111.0', '24', 111, 1, NULL, '2015-10-12 06:10:34', '2015-10-12 06:10:34', -1, -1),
(42, '192.168.111.42', '192.168.111.0', '24', 111, 1, NULL, '2015-10-12 06:10:34', '2015-10-12 06:10:34', -1, -1),
(43, '192.168.111.43', '192.168.111.0', '24', 111, 1, NULL, '2015-10-12 06:10:34', '2015-10-12 06:10:34', -1, -1),
(44, '192.168.111.44', '192.168.111.0', '24', 111, 1, NULL, '2015-10-12 06:10:34', '2015-10-12 06:10:34', -1, -1),
(45, '192.168.111.45', '192.168.111.0', '24', 111, 1, NULL, '2015-10-12 06:10:34', '2015-10-12 06:10:34', -1, -1),
(46, '192.168.111.46', '192.168.111.0', '24', 111, 1, NULL, '2015-10-12 06:10:34', '2015-10-12 06:10:34', -1, -1),
(47, '192.168.111.47', '192.168.111.0', '24', 111, 1, NULL, '2015-10-12 06:10:34', '2015-10-12 06:10:34', -1, -1),
(48, '192.168.111.48', '192.168.111.0', '24', 111, 1, NULL, '2015-10-12 06:10:34', '2015-10-12 06:10:34', -1, -1),
(49, '192.168.111.49', '192.168.111.0', '24', 111, 1, NULL, '2015-10-12 06:10:34', '2015-10-12 06:10:34', -1, -1),
(50, '192.168.111.50', '192.168.111.0', '24', 111, 1, NULL, '2015-10-12 06:10:34', '2015-10-12 06:10:34', -1, -1),
(51, '192.168.111.51', '192.168.111.0', '24', 111, 1, NULL, '2015-10-12 06:10:34', '2015-10-12 06:10:34', -1, -1),
(52, '192.168.111.52', '192.168.111.0', '24', 111, 1, NULL, '2015-10-12 06:10:34', '2015-10-12 06:10:34', -1, -1),
(53, '192.168.111.53', '192.168.111.0', '24', 111, 1, NULL, '2015-10-12 06:10:34', '2015-10-12 06:10:34', -1, -1),
(54, '192.168.111.54', '192.168.111.0', '24', 111, 1, NULL, '2015-10-12 06:10:34', '2015-10-12 06:10:34', -1, -1),
(55, '192.168.111.55', '192.168.111.0', '24', 111, 1, NULL, '2015-10-12 06:10:34', '2015-10-12 06:10:34', -1, -1),
(56, '192.168.111.56', '192.168.111.0', '24', 111, 1, NULL, '2015-10-12 06:10:34', '2015-10-12 06:10:34', -1, -1),
(57, '192.168.111.57', '192.168.111.0', '24', 111, 1, NULL, '2015-10-12 06:10:34', '2015-10-12 06:10:34', -1, -1),
(58, '192.168.111.58', '192.168.111.0', '24', 111, 1, NULL, '2015-10-12 06:10:34', '2015-10-12 06:10:34', -1, -1),
(59, '192.168.111.59', '192.168.111.0', '24', 111, 1, NULL, '2015-10-12 06:10:34', '2015-10-12 06:10:34', -1, -1),
(60, '192.168.111.60', '192.168.111.0', '24', 111, 1, NULL, '2015-10-12 06:10:34', '2015-10-12 06:10:34', -1, -1),
(61, '192.168.111.61', '192.168.111.0', '24', 111, 1, NULL, '2015-10-12 06:10:34', '2015-10-12 06:10:34', -1, -1),
(62, '192.168.111.62', '192.168.111.0', '24', 111, 1, NULL, '2015-10-12 06:10:34', '2015-10-12 06:10:34', -1, -1),
(63, '192.168.111.63', '192.168.111.0', '24', 111, 1, NULL, '2015-10-12 06:10:34', '2015-10-12 06:10:34', -1, -1),
(64, '192.168.111.64', '192.168.111.0', '24', 111, 1, NULL, '2015-10-12 06:10:34', '2015-10-12 06:10:34', -1, -1),
(65, '192.168.111.65', '192.168.111.0', '24', 111, 1, NULL, '2015-10-12 06:10:34', '2015-10-12 06:10:34', -1, -1),
(66, '192.168.111.66', '192.168.111.0', '24', 111, 1, NULL, '2015-10-12 06:10:34', '2015-10-12 06:10:34', -1, -1),
(67, '192.168.111.67', '192.168.111.0', '24', 111, 1, NULL, '2015-10-12 06:10:34', '2015-10-12 06:10:34', -1, -1),
(68, '192.168.111.68', '192.168.111.0', '24', 111, 1, NULL, '2015-10-12 06:10:34', '2015-10-12 06:10:34', -1, -1),
(69, '192.168.111.69', '192.168.111.0', '24', 111, 1, NULL, '2015-10-12 06:10:34', '2015-10-12 06:10:34', -1, -1),
(70, '192.168.111.70', '192.168.111.0', '24', 111, 1, NULL, '2015-10-12 06:10:34', '2015-10-12 06:10:34', -1, -1),
(71, '192.168.111.71', '192.168.111.0', '24', 111, 1, NULL, '2015-10-12 06:10:34', '2015-10-12 06:10:34', -1, -1),
(72, '192.168.111.72', '192.168.111.0', '24', 111, 1, NULL, '2015-10-12 06:10:34', '2015-10-12 06:10:34', -1, -1),
(73, '192.168.111.73', '192.168.111.0', '24', 111, 1, NULL, '2015-10-12 06:10:34', '2015-10-12 06:10:34', -1, -1),
(74, '192.168.111.74', '192.168.111.0', '24', 111, 1, NULL, '2015-10-12 06:10:34', '2015-10-12 06:10:34', -1, -1),
(75, '192.168.111.75', '192.168.111.0', '24', 111, 1, NULL, '2015-10-12 06:10:34', '2015-10-12 06:10:34', -1, -1),
(76, '192.168.111.76', '192.168.111.0', '24', 111, 1, NULL, '2015-10-12 06:10:34', '2015-10-12 06:10:34', -1, -1),
(77, '192.168.111.77', '192.168.111.0', '24', 111, 1, NULL, '2015-10-12 06:10:34', '2015-10-12 06:10:34', -1, -1),
(78, '192.168.111.78', '192.168.111.0', '24', 111, 1, NULL, '2015-10-12 06:10:34', '2015-10-12 06:10:34', -1, -1),
(79, '192.168.111.79', '192.168.111.0', '24', 111, 1, NULL, '2015-10-12 06:10:34', '2015-10-12 06:10:34', -1, -1),
(80, '192.168.111.80', '192.168.111.0', '24', 111, 1, NULL, '2015-10-12 06:10:34', '2015-10-12 06:10:34', -1, -1),
(81, '192.168.111.81', '192.168.111.0', '24', 111, 1, NULL, '2015-10-12 06:10:34', '2015-10-12 06:10:34', -1, -1),
(82, '192.168.111.82', '192.168.111.0', '24', 111, 1, NULL, '2015-10-12 06:10:34', '2015-10-12 06:10:34', -1, -1),
(83, '192.168.111.83', '192.168.111.0', '24', 111, 1, NULL, '2015-10-12 06:10:34', '2015-10-12 06:10:34', -1, -1),
(84, '192.168.111.84', '192.168.111.0', '24', 111, 1, NULL, '2015-10-12 06:10:34', '2015-10-12 06:10:34', -1, -1),
(85, '192.168.111.85', '192.168.111.0', '24', 111, 1, NULL, '2015-10-12 06:10:34', '2015-10-12 06:10:34', -1, -1),
(86, '192.168.111.86', '192.168.111.0', '24', 111, 1, NULL, '2015-10-12 06:10:34', '2015-10-12 06:10:34', -1, -1),
(87, '192.168.111.87', '192.168.111.0', '24', 111, 1, NULL, '2015-10-12 06:10:34', '2015-10-12 06:10:34', -1, -1),
(88, '192.168.111.88', '192.168.111.0', '24', 111, 1, NULL, '2015-10-12 06:10:34', '2015-10-12 06:10:34', -1, -1),
(89, '192.168.111.89', '192.168.111.0', '24', 111, 1, NULL, '2015-10-12 06:10:34', '2015-10-12 06:10:34', -1, -1),
(90, '192.168.111.90', '192.168.111.0', '24', 111, 1, NULL, '2015-10-12 06:10:34', '2015-10-12 06:10:34', -1, -1),
(91, '192.168.111.91', '192.168.111.0', '24', 111, 1, NULL, '2015-10-12 06:10:34', '2015-10-12 06:10:34', -1, -1),
(92, '192.168.111.92', '192.168.111.0', '24', 111, 1, NULL, '2015-10-12 06:10:34', '2015-10-12 06:10:34', -1, -1),
(93, '192.168.111.93', '192.168.111.0', '24', 111, 1, NULL, '2015-10-12 06:10:34', '2015-10-12 06:10:34', -1, -1),
(94, '192.168.111.94', '192.168.111.0', '24', 111, 1, NULL, '2015-10-12 06:10:34', '2015-10-12 06:10:34', -1, -1),
(95, '192.168.111.95', '192.168.111.0', '24', 111, 1, NULL, '2015-10-12 06:10:34', '2015-10-12 06:10:34', -1, -1),
(96, '192.168.111.96', '192.168.111.0', '24', 111, 1, NULL, '2015-10-12 06:10:34', '2015-10-12 06:10:34', -1, -1),
(97, '192.168.111.97', '192.168.111.0', '24', 111, 1, NULL, '2015-10-12 06:10:34', '2015-10-12 06:10:34', -1, -1),
(98, '192.168.111.98', '192.168.111.0', '24', 111, 1, NULL, '2015-10-12 06:10:34', '2015-10-12 06:10:34', -1, -1),
(99, '192.168.111.99', '192.168.111.0', '24', 111, 1, NULL, '2015-10-12 06:10:34', '2015-10-12 06:10:34', -1, -1),
(100, '192.168.111.100', '192.168.111.0', '24', 111, 1, NULL, '2015-10-12 06:10:34', '2015-10-12 06:10:34', -1, -1),
(101, '192.168.111.101', '192.168.111.0', '24', 111, 1, NULL, '2015-10-12 06:10:34', '2015-10-12 06:10:34', -1, -1),
(102, '192.168.111.102', '192.168.111.0', '24', 111, 1, NULL, '2015-10-12 06:10:34', '2015-10-12 06:10:34', -1, -1),
(103, '192.168.111.103', '192.168.111.0', '24', 111, 1, NULL, '2015-10-12 06:10:34', '2015-10-12 06:10:34', -1, -1),
(104, '192.168.111.104', '192.168.111.0', '24', 111, 1, NULL, '2015-10-12 06:10:34', '2015-10-12 06:10:34', -1, -1),
(105, '192.168.111.105', '192.168.111.0', '24', 111, 1, NULL, '2015-10-12 06:10:34', '2015-10-12 06:10:34', -1, -1),
(106, '192.168.111.106', '192.168.111.0', '24', 111, 1, NULL, '2015-10-12 06:10:34', '2015-10-12 06:10:34', -1, -1),
(107, '192.168.111.107', '192.168.111.0', '24', 111, 1, NULL, '2015-10-12 06:10:34', '2015-10-12 06:10:34', -1, -1),
(108, '192.168.111.108', '192.168.111.0', '24', 111, 1, NULL, '2015-10-12 06:10:34', '2015-10-12 06:10:34', -1, -1),
(109, '192.168.111.109', '192.168.111.0', '24', 111, 1, NULL, '2015-10-12 06:10:34', '2015-10-12 06:10:34', -1, -1),
(110, '192.168.111.110', '192.168.111.0', '24', 111, 1, NULL, '2015-10-12 06:10:34', '2015-10-12 06:10:34', -1, -1),
(111, '192.168.111.111', '192.168.111.0', '24', 111, 1, NULL, '2015-10-12 06:10:34', '2015-10-12 06:10:34', -1, -1),
(112, '192.168.111.112', '192.168.111.0', '24', 111, 1, NULL, '2015-10-12 06:10:34', '2015-10-12 06:10:34', -1, -1),
(113, '192.168.111.113', '192.168.111.0', '24', 111, 1, NULL, '2015-10-12 06:10:34', '2015-10-12 06:10:34', -1, -1),
(114, '192.168.111.114', '192.168.111.0', '24', 111, 1, NULL, '2015-10-12 06:10:34', '2015-10-12 06:10:34', -1, -1),
(115, '192.168.111.115', '192.168.111.0', '24', 111, 1, NULL, '2015-10-12 06:10:34', '2015-10-12 06:10:34', -1, -1),
(116, '192.168.111.116', '192.168.111.0', '24', 111, 1, NULL, '2015-10-12 06:10:34', '2015-10-12 06:10:34', -1, -1),
(117, '192.168.111.117', '192.168.111.0', '24', 111, 1, NULL, '2015-10-12 06:10:34', '2015-10-12 06:10:34', -1, -1),
(118, '192.168.111.118', '192.168.111.0', '24', 111, 1, NULL, '2015-10-12 06:10:34', '2015-10-12 06:10:34', -1, -1),
(119, '192.168.111.119', '192.168.111.0', '24', 111, 1, NULL, '2015-10-12 06:10:34', '2015-10-12 06:10:34', -1, -1),
(120, '192.168.111.120', '192.168.111.0', '24', 111, 1, NULL, '2015-10-12 06:10:34', '2015-10-12 06:10:34', -1, -1),
(121, '192.168.111.121', '192.168.111.0', '24', 111, 1, NULL, '2015-10-12 06:10:34', '2015-10-12 06:10:34', -1, -1),
(122, '192.168.111.122', '192.168.111.0', '24', 111, 1, NULL, '2015-10-12 06:10:34', '2015-10-12 06:10:34', -1, -1),
(123, '192.168.111.123', '192.168.111.0', '24', 111, 1, NULL, '2015-10-12 06:10:34', '2015-10-12 06:10:34', -1, -1),
(124, '192.168.111.124', '192.168.111.0', '24', 111, 1, NULL, '2015-10-12 06:10:34', '2015-10-12 06:10:34', -1, -1),
(125, '192.168.111.125', '192.168.111.0', '24', 111, 1, NULL, '2015-10-12 06:10:34', '2015-10-12 06:10:34', -1, -1),
(126, '192.168.111.126', '192.168.111.0', '24', 111, 1, NULL, '2015-10-12 06:10:34', '2015-10-12 06:10:34', -1, -1),
(127, '192.168.111.127', '192.168.111.0', '24', 111, 1, NULL, '2015-10-12 06:10:34', '2015-10-12 06:10:34', -1, -1),
(128, '192.168.111.128', '192.168.111.0', '24', 111, 1, NULL, '2015-10-12 06:10:34', '2015-10-12 06:10:34', -1, -1),
(129, '192.168.111.129', '192.168.111.0', '24', 111, 1, NULL, '2015-10-12 06:10:34', '2015-10-12 06:10:34', -1, -1),
(130, '192.168.111.130', '192.168.111.0', '24', 111, 1, NULL, '2015-10-12 06:10:34', '2015-10-12 06:10:34', -1, -1),
(131, '192.168.111.131', '192.168.111.0', '24', 111, 1, NULL, '2015-10-12 06:10:34', '2015-10-12 06:10:34', -1, -1),
(132, '192.168.111.132', '192.168.111.0', '24', 111, 1, NULL, '2015-10-12 06:10:34', '2015-10-12 06:10:34', -1, -1),
(133, '192.168.111.133', '192.168.111.0', '24', 111, 1, NULL, '2015-10-12 06:10:34', '2015-10-12 06:10:34', -1, -1),
(134, '192.168.111.134', '192.168.111.0', '24', 111, 1, NULL, '2015-10-12 06:10:34', '2015-10-12 06:10:34', -1, -1),
(135, '192.168.111.135', '192.168.111.0', '24', 111, 1, NULL, '2015-10-12 06:10:34', '2015-10-12 06:10:34', -1, -1),
(136, '192.168.111.136', '192.168.111.0', '24', 111, 1, NULL, '2015-10-12 06:10:34', '2015-10-12 06:10:34', -1, -1),
(137, '192.168.111.137', '192.168.111.0', '24', 111, 1, NULL, '2015-10-12 06:10:34', '2015-10-12 06:10:34', -1, -1),
(138, '192.168.111.138', '192.168.111.0', '24', 111, 1, NULL, '2015-10-12 06:10:34', '2015-10-12 06:10:34', -1, -1),
(139, '192.168.111.139', '192.168.111.0', '24', 111, 1, NULL, '2015-10-12 06:10:34', '2015-10-12 06:10:34', -1, -1),
(140, '192.168.111.140', '192.168.111.0', '24', 111, 1, NULL, '2015-10-12 06:10:34', '2015-10-12 06:10:34', -1, -1),
(141, '192.168.111.141', '192.168.111.0', '24', 111, 1, NULL, '2015-10-12 06:10:34', '2015-10-12 06:10:34', -1, -1),
(142, '192.168.111.142', '192.168.111.0', '24', 111, 1, NULL, '2015-10-12 06:10:34', '2015-10-12 06:10:34', -1, -1),
(143, '192.168.111.143', '192.168.111.0', '24', 111, 1, NULL, '2015-10-12 06:10:34', '2015-10-12 06:10:34', -1, -1),
(144, '192.168.111.144', '192.168.111.0', '24', 111, 1, NULL, '2015-10-12 06:10:34', '2015-10-12 06:10:34', -1, -1),
(145, '192.168.111.145', '192.168.111.0', '24', 111, 1, NULL, '2015-10-12 06:10:34', '2015-10-12 06:10:34', -1, -1),
(146, '192.168.111.146', '192.168.111.0', '24', 111, 1, NULL, '2015-10-12 06:10:34', '2015-10-12 06:10:34', -1, -1),
(147, '192.168.111.147', '192.168.111.0', '24', 111, 1, NULL, '2015-10-12 06:10:34', '2015-10-12 06:10:34', -1, -1),
(148, '192.168.111.148', '192.168.111.0', '24', 111, 1, NULL, '2015-10-12 06:10:34', '2015-10-12 06:10:34', -1, -1),
(149, '192.168.111.149', '192.168.111.0', '24', 111, 1, NULL, '2015-10-12 06:10:34', '2015-10-12 06:10:34', -1, -1),
(150, '192.168.111.150', '192.168.111.0', '24', 111, 1, NULL, '2015-10-12 06:10:34', '2015-10-12 06:10:34', -1, -1),
(151, '192.168.111.151', '192.168.111.0', '24', 111, 1, NULL, '2015-10-12 06:10:34', '2015-10-12 06:10:34', -1, -1),
(152, '192.168.111.152', '192.168.111.0', '24', 111, 1, NULL, '2015-10-12 06:10:34', '2015-10-12 06:10:34', -1, -1),
(153, '192.168.111.153', '192.168.111.0', '24', 111, 1, NULL, '2015-10-12 06:10:34', '2015-10-12 06:10:34', -1, -1),
(154, '192.168.111.154', '192.168.111.0', '24', 111, 1, NULL, '2015-10-12 06:10:34', '2015-10-12 06:10:34', -1, -1),
(155, '192.168.111.155', '192.168.111.0', '24', 111, 1, NULL, '2015-10-12 06:10:34', '2015-10-12 06:10:34', -1, -1),
(156, '192.168.111.156', '192.168.111.0', '24', 111, 1, NULL, '2015-10-12 06:10:34', '2015-10-12 06:10:34', -1, -1),
(157, '192.168.111.157', '192.168.111.0', '24', 111, 1, NULL, '2015-10-12 06:10:34', '2015-10-12 06:10:34', -1, -1),
(158, '192.168.111.158', '192.168.111.0', '24', 111, 1, NULL, '2015-10-12 06:10:34', '2015-10-12 06:10:34', -1, -1),
(159, '192.168.111.159', '192.168.111.0', '24', 111, 1, NULL, '2015-10-12 06:10:34', '2015-10-12 06:10:34', -1, -1),
(160, '192.168.111.160', '192.168.111.0', '24', 111, 1, NULL, '2015-10-12 06:10:34', '2015-10-12 06:10:34', -1, -1),
(161, '192.168.111.161', '192.168.111.0', '24', 111, 1, NULL, '2015-10-12 06:10:34', '2015-10-12 06:10:34', -1, -1),
(162, '192.168.111.162', '192.168.111.0', '24', 111, 1, NULL, '2015-10-12 06:10:34', '2015-10-12 06:10:34', -1, -1),
(163, '192.168.111.163', '192.168.111.0', '24', 111, 1, NULL, '2015-10-12 06:10:34', '2015-10-12 06:10:34', -1, -1),
(164, '192.168.111.164', '192.168.111.0', '24', 111, 1, NULL, '2015-10-12 06:10:34', '2015-10-12 06:10:34', -1, -1),
(165, '192.168.111.165', '192.168.111.0', '24', 111, 1, NULL, '2015-10-12 06:10:34', '2015-10-12 06:10:34', -1, -1),
(166, '192.168.111.166', '192.168.111.0', '24', 111, 1, NULL, '2015-10-12 06:10:34', '2015-10-12 06:10:34', -1, -1),
(167, '192.168.111.167', '192.168.111.0', '24', 111, 1, NULL, '2015-10-12 06:10:34', '2015-10-12 06:10:34', -1, -1),
(168, '192.168.111.168', '192.168.111.0', '24', 111, 1, NULL, '2015-10-12 06:10:34', '2015-10-12 06:10:34', -1, -1),
(169, '192.168.111.169', '192.168.111.0', '24', 111, 1, NULL, '2015-10-12 06:10:34', '2015-10-12 06:10:34', -1, -1),
(170, '192.168.111.170', '192.168.111.0', '24', 111, 1, NULL, '2015-10-12 06:10:34', '2015-10-12 06:10:34', -1, -1),
(171, '192.168.111.171', '192.168.111.0', '24', 111, 1, NULL, '2015-10-12 06:10:34', '2015-10-12 06:10:34', -1, -1),
(172, '192.168.111.172', '192.168.111.0', '24', 111, 1, NULL, '2015-10-12 06:10:34', '2015-10-12 06:10:34', -1, -1),
(173, '192.168.111.173', '192.168.111.0', '24', 111, 1, NULL, '2015-10-12 06:10:34', '2015-10-12 06:10:34', -1, -1),
(174, '192.168.111.174', '192.168.111.0', '24', 111, 1, NULL, '2015-10-12 06:10:34', '2015-10-12 06:10:34', -1, -1),
(175, '192.168.111.175', '192.168.111.0', '24', 111, 1, NULL, '2015-10-12 06:10:34', '2015-10-12 06:10:34', -1, -1),
(176, '192.168.111.176', '192.168.111.0', '24', 111, 1, NULL, '2015-10-12 06:10:34', '2015-10-12 06:10:34', -1, -1),
(177, '192.168.111.177', '192.168.111.0', '24', 111, 1, NULL, '2015-10-12 06:10:34', '2015-10-12 06:10:34', -1, -1),
(178, '192.168.111.178', '192.168.111.0', '24', 111, 1, NULL, '2015-10-12 06:10:34', '2015-10-12 06:10:34', -1, -1),
(179, '192.168.111.179', '192.168.111.0', '24', 111, 1, NULL, '2015-10-12 06:10:34', '2015-10-12 06:10:34', -1, -1),
(180, '192.168.111.180', '192.168.111.0', '24', 111, 1, NULL, '2015-10-12 06:10:34', '2015-10-12 06:10:34', -1, -1),
(181, '192.168.111.181', '192.168.111.0', '24', 111, 1, NULL, '2015-10-12 06:10:34', '2015-10-12 06:10:34', -1, -1),
(182, '192.168.111.182', '192.168.111.0', '24', 111, 1, NULL, '2015-10-12 06:10:34', '2015-10-12 06:10:34', -1, -1),
(183, '192.168.111.183', '192.168.111.0', '24', 111, 1, NULL, '2015-10-12 06:10:34', '2015-10-12 06:10:34', -1, -1),
(184, '192.168.111.184', '192.168.111.0', '24', 111, 1, NULL, '2015-10-12 06:10:34', '2015-10-12 06:10:34', -1, -1),
(185, '192.168.111.185', '192.168.111.0', '24', 111, 1, NULL, '2015-10-12 06:10:34', '2015-10-12 06:10:34', -1, -1),
(186, '192.168.111.186', '192.168.111.0', '24', 111, 1, NULL, '2015-10-12 06:10:34', '2015-10-12 06:10:34', -1, -1),
(187, '192.168.111.187', '192.168.111.0', '24', 111, 1, NULL, '2015-10-12 06:10:34', '2015-10-12 06:10:34', -1, -1),
(188, '192.168.111.188', '192.168.111.0', '24', 111, 1, NULL, '2015-10-12 06:10:34', '2015-10-12 06:10:34', -1, -1),
(189, '192.168.111.189', '192.168.111.0', '24', 111, 1, NULL, '2015-10-12 06:10:34', '2015-10-12 06:10:34', -1, -1),
(190, '192.168.111.190', '192.168.111.0', '24', 111, 1, NULL, '2015-10-12 06:10:34', '2015-10-12 06:10:34', -1, -1),
(191, '192.168.111.191', '192.168.111.0', '24', 111, 1, NULL, '2015-10-12 06:10:34', '2015-10-12 06:10:34', -1, -1),
(192, '192.168.111.192', '192.168.111.0', '24', 111, 1, NULL, '2015-10-12 06:10:34', '2015-10-12 06:10:34', -1, -1),
(193, '192.168.111.193', '192.168.111.0', '24', 111, 1, NULL, '2015-10-12 06:10:34', '2015-10-12 06:10:34', -1, -1),
(194, '192.168.111.194', '192.168.111.0', '24', 111, 1, NULL, '2015-10-12 06:10:34', '2015-10-12 06:10:34', -1, -1),
(195, '192.168.111.195', '192.168.111.0', '24', 111, 1, NULL, '2015-10-12 06:10:34', '2015-10-12 06:10:34', -1, -1),
(196, '192.168.111.196', '192.168.111.0', '24', 111, 1, NULL, '2015-10-12 06:10:34', '2015-10-12 06:10:34', -1, -1),
(197, '192.168.111.197', '192.168.111.0', '24', 111, 1, NULL, '2015-10-12 06:10:34', '2015-10-12 06:10:34', -1, -1),
(198, '192.168.111.198', '192.168.111.0', '24', 111, 1, NULL, '2015-10-12 06:10:34', '2015-10-12 06:10:34', -1, -1),
(199, '192.168.111.199', '192.168.111.0', '24', 111, 1, NULL, '2015-10-12 06:10:34', '2015-10-12 06:10:34', -1, -1),
(200, '192.168.111.200', '192.168.111.0', '24', 111, 1, NULL, '2015-10-12 06:10:34', '2015-10-12 06:10:34', -1, -1),
(201, '192.168.111.201', '192.168.111.0', '24', 111, 1, NULL, '2015-10-12 06:10:34', '2015-10-12 06:10:34', -1, -1),
(202, '192.168.111.202', '192.168.111.0', '24', 111, 1, NULL, '2015-10-12 06:10:34', '2015-10-12 06:10:34', -1, -1),
(203, '192.168.111.203', '192.168.111.0', '24', 111, 1, NULL, '2015-10-12 06:10:34', '2015-10-12 06:10:34', -1, -1),
(204, '192.168.111.204', '192.168.111.0', '24', 111, 1, NULL, '2015-10-12 06:10:34', '2015-10-12 06:10:34', -1, -1),
(205, '192.168.111.205', '192.168.111.0', '24', 111, 1, NULL, '2015-10-12 06:10:34', '2015-10-12 06:10:34', -1, -1),
(206, '192.168.111.206', '192.168.111.0', '24', 111, 1, NULL, '2015-10-12 06:10:34', '2015-10-12 06:10:34', -1, -1),
(207, '192.168.111.207', '192.168.111.0', '24', 111, 1, NULL, '2015-10-12 06:10:34', '2015-10-12 06:10:34', -1, -1),
(208, '192.168.111.208', '192.168.111.0', '24', 111, 1, NULL, '2015-10-12 06:10:34', '2015-10-12 06:10:34', -1, -1),
(209, '192.168.111.209', '192.168.111.0', '24', 111, 1, NULL, '2015-10-12 06:10:34', '2015-10-12 06:10:34', -1, -1),
(210, '192.168.111.210', '192.168.111.0', '24', 111, 1, NULL, '2015-10-12 06:10:34', '2015-10-12 06:10:34', -1, -1),
(211, '192.168.111.211', '192.168.111.0', '24', 111, 1, NULL, '2015-10-12 06:10:34', '2015-10-12 06:10:34', -1, -1),
(212, '192.168.111.212', '192.168.111.0', '24', 111, 1, NULL, '2015-10-12 06:10:34', '2015-10-12 06:10:34', -1, -1),
(213, '192.168.111.213', '192.168.111.0', '24', 111, 1, NULL, '2015-10-12 06:10:34', '2015-10-12 06:10:34', -1, -1),
(214, '192.168.111.214', '192.168.111.0', '24', 111, 1, NULL, '2015-10-12 06:10:34', '2015-10-12 06:10:34', -1, -1),
(215, '192.168.111.215', '192.168.111.0', '24', 111, 1, NULL, '2015-10-12 06:10:34', '2015-10-12 06:10:34', -1, -1),
(216, '192.168.111.216', '192.168.111.0', '24', 111, 1, NULL, '2015-10-12 06:10:34', '2015-10-12 06:10:34', -1, -1),
(217, '192.168.111.217', '192.168.111.0', '24', 111, 1, NULL, '2015-10-12 06:10:34', '2015-10-12 06:10:34', -1, -1),
(218, '192.168.111.218', '192.168.111.0', '24', 111, 1, NULL, '2015-10-12 06:10:34', '2015-10-12 06:10:34', -1, -1),
(219, '192.168.111.219', '192.168.111.0', '24', 111, 1, NULL, '2015-10-12 06:10:34', '2015-10-12 06:10:34', -1, -1),
(220, '192.168.111.220', '192.168.111.0', '24', 111, 1, NULL, '2015-10-12 06:10:34', '2015-10-12 06:10:34', -1, -1),
(221, '192.168.111.221', '192.168.111.0', '24', 111, 1, NULL, '2015-10-12 06:10:34', '2015-10-12 06:10:34', -1, -1),
(222, '192.168.111.222', '192.168.111.0', '24', 111, 1, NULL, '2015-10-12 06:10:34', '2015-10-12 06:10:34', -1, -1),
(223, '192.168.111.223', '192.168.111.0', '24', 111, 1, NULL, '2015-10-12 06:10:34', '2015-10-12 06:10:34', -1, -1),
(224, '192.168.111.224', '192.168.111.0', '24', 111, 1, NULL, '2015-10-12 06:10:34', '2015-10-12 06:10:34', -1, -1),
(225, '192.168.111.225', '192.168.111.0', '24', 111, 1, NULL, '2015-10-12 06:10:34', '2015-10-12 06:10:34', -1, -1),
(226, '192.168.111.226', '192.168.111.0', '24', 111, 1, NULL, '2015-10-12 06:10:34', '2015-10-12 06:10:34', -1, -1),
(227, '192.168.111.227', '192.168.111.0', '24', 111, 1, NULL, '2015-10-12 06:10:34', '2015-10-12 06:10:34', -1, -1),
(228, '192.168.111.228', '192.168.111.0', '24', 111, 1, NULL, '2015-10-12 06:10:34', '2015-10-12 06:10:34', -1, -1),
(229, '192.168.111.229', '192.168.111.0', '24', 111, 1, NULL, '2015-10-12 06:10:34', '2015-10-12 06:10:34', -1, -1),
(230, '192.168.111.230', '192.168.111.0', '24', 111, 1, NULL, '2015-10-12 06:10:34', '2015-10-12 06:10:34', -1, -1),
(231, '192.168.111.231', '192.168.111.0', '24', 111, 1, NULL, '2015-10-12 06:10:34', '2015-10-12 06:10:34', -1, -1),
(232, '192.168.111.232', '192.168.111.0', '24', 111, 1, NULL, '2015-10-12 06:10:34', '2015-10-12 06:10:34', -1, -1),
(233, '192.168.111.233', '192.168.111.0', '24', 111, 1, NULL, '2015-10-12 06:10:34', '2015-10-12 06:10:34', -1, -1),
(234, '192.168.111.234', '192.168.111.0', '24', 111, 1, NULL, '2015-10-12 06:10:34', '2015-10-12 06:10:34', -1, -1),
(235, '192.168.111.235', '192.168.111.0', '24', 111, 1, NULL, '2015-10-12 06:10:34', '2015-10-12 06:10:34', -1, -1),
(236, '192.168.111.236', '192.168.111.0', '24', 111, 1, NULL, '2015-10-12 06:10:34', '2015-10-12 06:10:34', -1, -1),
(237, '192.168.111.237', '192.168.111.0', '24', 111, 1, NULL, '2015-10-12 06:10:34', '2015-10-12 06:10:34', -1, -1),
(238, '192.168.111.238', '192.168.111.0', '24', 111, 1, NULL, '2015-10-12 06:10:34', '2015-10-12 06:10:34', -1, -1),
(239, '192.168.111.239', '192.168.111.0', '24', 111, 1, NULL, '2015-10-12 06:10:34', '2015-10-12 06:10:34', -1, -1),
(240, '192.168.111.240', '192.168.111.0', '24', 111, 1, NULL, '2015-10-12 06:10:34', '2015-10-12 06:10:34', -1, -1),
(241, '192.168.111.241', '192.168.111.0', '24', 111, 1, NULL, '2015-10-12 06:10:34', '2015-10-12 06:10:34', -1, -1),
(242, '192.168.111.242', '192.168.111.0', '24', 111, 1, NULL, '2015-10-12 06:10:34', '2015-10-12 06:10:34', -1, -1),
(243, '192.168.111.243', '192.168.111.0', '24', 111, 1, NULL, '2015-10-12 06:10:34', '2015-10-12 06:10:34', -1, -1),
(244, '192.168.111.244', '192.168.111.0', '24', 111, 1, NULL, '2015-10-12 06:10:34', '2015-10-12 06:10:34', -1, -1),
(245, '192.168.111.245', '192.168.111.0', '24', 111, 1, NULL, '2015-10-12 06:10:34', '2015-10-12 06:10:34', -1, -1),
(246, '192.168.111.246', '192.168.111.0', '24', 111, 1, NULL, '2015-10-12 06:10:34', '2015-10-12 06:10:34', -1, -1),
(247, '192.168.111.247', '192.168.111.0', '24', 111, 1, NULL, '2015-10-12 06:10:34', '2015-10-12 06:10:34', -1, -1),
(248, '192.168.111.248', '192.168.111.0', '24', 111, 1, NULL, '2015-10-12 06:10:34', '2015-10-12 06:10:34', -1, -1),
(249, '192.168.111.249', '192.168.111.0', '24', 111, 1, NULL, '2015-10-12 06:10:34', '2015-10-12 06:10:34', -1, -1),
(250, '192.168.111.250', '192.168.111.0', '24', 111, 1, NULL, '2015-10-12 06:10:34', '2015-10-12 06:10:34', -1, -1),
(251, '192.168.111.251', '192.168.111.0', '24', 111, 1, NULL, '2015-10-12 06:10:34', '2015-10-12 06:10:34', -1, -1),
(252, '192.168.111.252', '192.168.111.0', '24', 111, 1, NULL, '2015-10-12 06:10:34', '2015-10-12 06:10:34', -1, -1),
(253, '192.168.111.253', '192.168.111.0', '24', 111, 1, NULL, '2015-10-12 06:10:34', '2015-10-12 06:10:34', -1, -1),
(254, '192.168.111.254', '192.168.111.0', '24', 111, 1, NULL, '2015-10-12 06:10:34', '2015-10-12 06:10:34', -1, -1),
(255, '10.0.110.1', '10.0.110.0', '24', 110, 1, NULL, '2015-10-12 06:37:00', '2015-10-12 06:37:00', -1, -1),
(256, '10.0.110.2', '10.0.110.0', '24', 110, 1, NULL, '2015-10-12 06:37:00', '2015-10-12 06:37:00', -1, -1),
(257, '10.0.110.3', '10.0.110.0', '24', 110, 1, NULL, '2015-10-12 06:37:00', '2015-10-12 06:37:00', -1, -1),
(258, '10.0.110.4', '10.0.110.0', '24', 110, 1, NULL, '2015-10-12 06:37:00', '2015-10-12 06:37:00', -1, -1),
(259, '10.0.110.5', '10.0.110.0', '24', 110, 1, NULL, '2015-10-12 06:37:00', '2015-10-12 06:37:00', -1, -1),
(260, '10.0.110.6', '10.0.110.0', '24', 110, 1, NULL, '2015-10-12 06:37:00', '2015-10-12 06:37:00', -1, -1),
(261, '10.0.110.7', '10.0.110.0', '24', 110, 1, NULL, '2015-10-12 06:37:00', '2015-10-12 06:37:00', -1, -1),
(262, '10.0.110.8', '10.0.110.0', '24', 110, 1, NULL, '2015-10-12 06:37:00', '2015-10-12 06:37:00', -1, -1),
(263, '10.0.110.9', '10.0.110.0', '24', 110, 1, NULL, '2015-10-12 06:37:00', '2015-10-12 06:37:00', -1, -1),
(264, '10.0.110.10', '10.0.110.0', '24', 110, 1, NULL, '2015-10-12 06:37:00', '2015-10-12 06:37:00', -1, -1),
(265, '10.0.110.11', '10.0.110.0', '24', 110, 1, NULL, '2015-10-12 06:37:00', '2015-10-12 06:37:00', -1, -1),
(266, '10.0.110.12', '10.0.110.0', '24', 110, 1, NULL, '2015-10-12 06:37:00', '2015-10-12 06:37:00', -1, -1),
(267, '10.0.110.13', '10.0.110.0', '24', 110, 1, NULL, '2015-10-12 06:37:00', '2015-10-12 06:37:00', -1, -1),
(268, '10.0.110.14', '10.0.110.0', '24', 110, 1, NULL, '2015-10-12 06:37:00', '2015-10-12 06:37:00', -1, -1),
(269, '10.0.110.15', '10.0.110.0', '24', 110, 1, NULL, '2015-10-12 06:37:00', '2015-10-12 06:37:00', -1, -1),
(270, '10.0.110.16', '10.0.110.0', '24', 110, 1, NULL, '2015-10-12 06:37:00', '2015-10-12 06:37:00', -1, -1),
(271, '10.0.110.17', '10.0.110.0', '24', 110, 1, NULL, '2015-10-12 06:37:00', '2015-10-12 06:37:00', -1, -1),
(272, '10.0.110.18', '10.0.110.0', '24', 110, 1, NULL, '2015-10-12 06:37:00', '2015-10-12 06:37:00', -1, -1),
(273, '10.0.110.19', '10.0.110.0', '24', 110, 1, NULL, '2015-10-12 06:37:00', '2015-10-12 06:37:00', -1, -1),
(274, '10.0.110.20', '10.0.110.0', '24', 110, 1, NULL, '2015-10-12 06:37:00', '2015-10-12 06:37:00', -1, -1),
(275, '10.0.110.21', '10.0.110.0', '24', 110, 1, NULL, '2015-10-12 06:37:00', '2015-10-12 06:37:00', -1, -1),
(276, '10.0.110.22', '10.0.110.0', '24', 110, 1, NULL, '2015-10-12 06:37:00', '2015-10-12 06:37:00', -1, -1),
(277, '10.0.110.23', '10.0.110.0', '24', 110, 1, NULL, '2015-10-12 06:37:00', '2015-10-12 06:37:00', -1, -1),
(278, '10.0.110.24', '10.0.110.0', '24', 110, 1, NULL, '2015-10-12 06:37:00', '2015-10-12 06:37:00', -1, -1),
(279, '10.0.110.25', '10.0.110.0', '24', 110, 1, NULL, '2015-10-12 06:37:00', '2015-10-12 06:37:00', -1, -1),
(280, '10.0.110.26', '10.0.110.0', '24', 110, 1, NULL, '2015-10-12 06:37:00', '2015-10-12 06:37:00', -1, -1),
(281, '10.0.110.27', '10.0.110.0', '24', 110, 1, NULL, '2015-10-12 06:37:00', '2015-10-12 06:37:00', -1, -1),
(282, '10.0.110.28', '10.0.110.0', '24', 110, 1, NULL, '2015-10-12 06:37:00', '2015-10-12 06:37:00', -1, -1),
(283, '10.0.110.29', '10.0.110.0', '24', 110, 1, NULL, '2015-10-12 06:37:00', '2015-10-12 06:37:00', -1, -1),
(284, '10.0.110.30', '10.0.110.0', '24', 110, 1, NULL, '2015-10-12 06:37:00', '2015-10-12 06:37:00', -1, -1),
(285, '10.0.110.31', '10.0.110.0', '24', 110, 1, NULL, '2015-10-12 06:37:00', '2015-10-12 06:37:00', -1, -1),
(286, '10.0.110.32', '10.0.110.0', '24', 110, 1, NULL, '2015-10-12 06:37:00', '2015-10-12 06:37:00', -1, -1),
(287, '10.0.110.33', '10.0.110.0', '24', 110, 1, NULL, '2015-10-12 06:37:00', '2015-10-12 06:37:00', -1, -1),
(288, '10.0.110.34', '10.0.110.0', '24', 110, 1, NULL, '2015-10-12 06:37:00', '2015-10-12 06:37:00', -1, -1),
(289, '10.0.110.35', '10.0.110.0', '24', 110, 1, NULL, '2015-10-12 06:37:00', '2015-10-12 06:37:00', -1, -1),
(290, '10.0.110.36', '10.0.110.0', '24', 110, 1, NULL, '2015-10-12 06:37:00', '2015-10-12 06:37:00', -1, -1),
(291, '10.0.110.37', '10.0.110.0', '24', 110, 1, NULL, '2015-10-12 06:37:00', '2015-10-12 06:37:00', -1, -1),
(292, '10.0.110.38', '10.0.110.0', '24', 110, 1, NULL, '2015-10-12 06:37:00', '2015-10-12 06:37:00', -1, -1),
(293, '10.0.110.39', '10.0.110.0', '24', 110, 1, NULL, '2015-10-12 06:37:00', '2015-10-12 06:37:00', -1, -1),
(294, '10.0.110.40', '10.0.110.0', '24', 110, 1, NULL, '2015-10-12 06:37:00', '2015-10-12 06:37:00', -1, -1),
(295, '10.0.110.41', '10.0.110.0', '24', 110, 1, NULL, '2015-10-12 06:37:00', '2015-10-12 06:37:00', -1, -1),
(296, '10.0.110.42', '10.0.110.0', '24', 110, 1, NULL, '2015-10-12 06:37:00', '2015-10-12 06:37:00', -1, -1),
(297, '10.0.110.43', '10.0.110.0', '24', 110, 1, NULL, '2015-10-12 06:37:00', '2015-10-12 06:37:00', -1, -1),
(298, '10.0.110.44', '10.0.110.0', '24', 110, 1, NULL, '2015-10-12 06:37:00', '2015-10-12 06:37:00', -1, -1),
(299, '10.0.110.45', '10.0.110.0', '24', 110, 1, NULL, '2015-10-12 06:37:00', '2015-10-12 06:37:00', -1, -1),
(300, '10.0.110.46', '10.0.110.0', '24', 110, 1, NULL, '2015-10-12 06:37:00', '2015-10-12 06:37:00', -1, -1),
(301, '10.0.110.47', '10.0.110.0', '24', 110, 1, NULL, '2015-10-12 06:37:00', '2015-10-12 06:37:00', -1, -1),
(302, '10.0.110.48', '10.0.110.0', '24', 110, 1, NULL, '2015-10-12 06:37:00', '2015-10-12 06:37:00', -1, -1),
(303, '10.0.110.49', '10.0.110.0', '24', 110, 1, NULL, '2015-10-12 06:37:00', '2015-10-12 06:37:00', -1, -1),
(304, '10.0.110.50', '10.0.110.0', '24', 110, 1, NULL, '2015-10-12 06:37:00', '2015-10-12 06:37:00', -1, -1),
(305, '10.0.110.51', '10.0.110.0', '24', 110, 1, NULL, '2015-10-12 06:37:00', '2015-10-12 06:37:00', -1, -1),
(306, '10.0.110.52', '10.0.110.0', '24', 110, 1, NULL, '2015-10-12 06:37:00', '2015-10-12 06:37:00', -1, -1),
(307, '10.0.110.53', '10.0.110.0', '24', 110, 1, NULL, '2015-10-12 06:37:00', '2015-10-12 06:37:00', -1, -1),
(308, '10.0.110.54', '10.0.110.0', '24', 110, 1, NULL, '2015-10-12 06:37:00', '2015-10-12 06:37:00', -1, -1),
(309, '10.0.110.55', '10.0.110.0', '24', 110, 1, NULL, '2015-10-12 06:37:00', '2015-10-12 06:37:00', -1, -1),
(310, '10.0.110.56', '10.0.110.0', '24', 110, 1, NULL, '2015-10-12 06:37:00', '2015-10-12 06:37:00', -1, -1),
(311, '10.0.110.57', '10.0.110.0', '24', 110, 1, NULL, '2015-10-12 06:37:00', '2015-10-12 06:37:00', -1, -1),
(312, '10.0.110.58', '10.0.110.0', '24', 110, 1, NULL, '2015-10-12 06:37:00', '2015-10-12 06:37:00', -1, -1),
(313, '10.0.110.59', '10.0.110.0', '24', 110, 1, NULL, '2015-10-12 06:37:00', '2015-10-12 06:37:00', -1, -1),
(314, '10.0.110.60', '10.0.110.0', '24', 110, 1, NULL, '2015-10-12 06:37:00', '2015-10-12 06:37:00', -1, -1),
(315, '10.0.110.61', '10.0.110.0', '24', 110, 1, NULL, '2015-10-12 06:37:00', '2015-10-12 06:37:00', -1, -1),
(316, '10.0.110.62', '10.0.110.0', '24', 110, 1, NULL, '2015-10-12 06:37:00', '2015-10-12 06:37:00', -1, -1),
(317, '10.0.110.63', '10.0.110.0', '24', 110, 1, NULL, '2015-10-12 06:37:00', '2015-10-12 06:37:00', -1, -1),
(318, '10.0.110.64', '10.0.110.0', '24', 110, 1, NULL, '2015-10-12 06:37:00', '2015-10-12 06:37:00', -1, -1),
(319, '10.0.110.65', '10.0.110.0', '24', 110, 1, NULL, '2015-10-12 06:37:00', '2015-10-12 06:37:00', -1, -1),
(320, '10.0.110.66', '10.0.110.0', '24', 110, 1, NULL, '2015-10-12 06:37:00', '2015-10-12 06:37:00', -1, -1),
(321, '10.0.110.67', '10.0.110.0', '24', 110, 1, NULL, '2015-10-12 06:37:00', '2015-10-12 06:37:00', -1, -1),
(322, '10.0.110.68', '10.0.110.0', '24', 110, 1, NULL, '2015-10-12 06:37:00', '2015-10-12 06:37:00', -1, -1),
(323, '10.0.110.69', '10.0.110.0', '24', 110, 1, NULL, '2015-10-12 06:37:00', '2015-10-12 06:37:00', -1, -1),
(324, '10.0.110.70', '10.0.110.0', '24', 110, 1, NULL, '2015-10-12 06:37:00', '2015-10-12 06:37:00', -1, -1),
(325, '10.0.110.71', '10.0.110.0', '24', 110, 1, NULL, '2015-10-12 06:37:00', '2015-10-12 06:37:00', -1, -1),
(326, '10.0.110.72', '10.0.110.0', '24', 110, 1, NULL, '2015-10-12 06:37:00', '2015-10-12 06:37:00', -1, -1),
(327, '10.0.110.73', '10.0.110.0', '24', 110, 1, NULL, '2015-10-12 06:37:00', '2015-10-12 06:37:00', -1, -1),
(328, '10.0.110.74', '10.0.110.0', '24', 110, 1, NULL, '2015-10-12 06:37:00', '2015-10-12 06:37:00', -1, -1),
(329, '10.0.110.75', '10.0.110.0', '24', 110, 1, NULL, '2015-10-12 06:37:00', '2015-10-12 06:37:00', -1, -1),
(330, '10.0.110.76', '10.0.110.0', '24', 110, 1, NULL, '2015-10-12 06:37:00', '2015-10-12 06:37:00', -1, -1),
(331, '10.0.110.77', '10.0.110.0', '24', 110, 1, NULL, '2015-10-12 06:37:00', '2015-10-12 06:37:00', -1, -1),
(332, '10.0.110.78', '10.0.110.0', '24', 110, 1, NULL, '2015-10-12 06:37:00', '2015-10-12 06:37:00', -1, -1),
(333, '10.0.110.79', '10.0.110.0', '24', 110, 1, NULL, '2015-10-12 06:37:00', '2015-10-12 06:37:00', -1, -1),
(334, '10.0.110.80', '10.0.110.0', '24', 110, 1, NULL, '2015-10-12 06:37:00', '2015-10-12 06:37:00', -1, -1),
(335, '10.0.110.81', '10.0.110.0', '24', 110, 1, NULL, '2015-10-12 06:37:00', '2015-10-12 06:37:00', -1, -1),
(336, '10.0.110.82', '10.0.110.0', '24', 110, 1, NULL, '2015-10-12 06:37:00', '2015-10-12 06:37:00', -1, -1),
(337, '10.0.110.83', '10.0.110.0', '24', 110, 1, NULL, '2015-10-12 06:37:00', '2015-10-12 06:37:00', -1, -1),
(338, '10.0.110.84', '10.0.110.0', '24', 110, 1, NULL, '2015-10-12 06:37:00', '2015-10-12 06:37:00', -1, -1),
(339, '10.0.110.85', '10.0.110.0', '24', 110, 1, NULL, '2015-10-12 06:37:00', '2015-10-12 06:37:00', -1, -1),
(340, '10.0.110.86', '10.0.110.0', '24', 110, 1, NULL, '2015-10-12 06:37:00', '2015-10-12 06:37:00', -1, -1),
(341, '10.0.110.87', '10.0.110.0', '24', 110, 1, NULL, '2015-10-12 06:37:00', '2015-10-12 06:37:00', -1, -1),
(342, '10.0.110.88', '10.0.110.0', '24', 110, 1, NULL, '2015-10-12 06:37:00', '2015-10-12 06:37:00', -1, -1),
(343, '10.0.110.89', '10.0.110.0', '24', 110, 1, NULL, '2015-10-12 06:37:00', '2015-10-12 06:37:00', -1, -1),
(344, '10.0.110.90', '10.0.110.0', '24', 110, 1, NULL, '2015-10-12 06:37:00', '2015-10-12 06:37:00', -1, -1),
(345, '10.0.110.91', '10.0.110.0', '24', 110, 1, NULL, '2015-10-12 06:37:00', '2015-10-12 06:37:00', -1, -1),
(346, '10.0.110.92', '10.0.110.0', '24', 110, 1, NULL, '2015-10-12 06:37:00', '2015-10-12 06:37:00', -1, -1),
(347, '10.0.110.93', '10.0.110.0', '24', 110, 1, NULL, '2015-10-12 06:37:00', '2015-10-12 06:37:00', -1, -1),
(348, '10.0.110.94', '10.0.110.0', '24', 110, 1, NULL, '2015-10-12 06:37:00', '2015-10-12 06:37:00', -1, -1),
(349, '10.0.110.95', '10.0.110.0', '24', 110, 1, NULL, '2015-10-12 06:37:00', '2015-10-12 06:37:00', -1, -1),
(350, '10.0.110.96', '10.0.110.0', '24', 110, 1, NULL, '2015-10-12 06:37:00', '2015-10-12 06:37:00', -1, -1),
(351, '10.0.110.97', '10.0.110.0', '24', 110, 1, NULL, '2015-10-12 06:37:00', '2015-10-12 06:37:00', -1, -1),
(352, '10.0.110.98', '10.0.110.0', '24', 110, 1, NULL, '2015-10-12 06:37:00', '2015-10-12 06:37:00', -1, -1),
(353, '10.0.110.99', '10.0.110.0', '24', 110, 1, NULL, '2015-10-12 06:37:00', '2015-10-12 06:37:00', -1, -1),
(354, '10.0.110.100', '10.0.110.0', '24', 110, 1, NULL, '2015-10-12 06:37:00', '2015-10-12 06:37:00', -1, -1),
(355, '10.0.110.101', '10.0.110.0', '24', 110, 1, NULL, '2015-10-12 06:37:00', '2015-10-12 06:37:00', -1, -1),
(356, '10.0.110.102', '10.0.110.0', '24', 110, 1, NULL, '2015-10-12 06:37:00', '2015-10-12 06:37:00', -1, -1),
(357, '10.0.110.103', '10.0.110.0', '24', 110, 1, NULL, '2015-10-12 06:37:00', '2015-10-12 06:37:00', -1, -1),
(358, '10.0.110.104', '10.0.110.0', '24', 110, 1, NULL, '2015-10-12 06:37:00', '2015-10-12 06:37:00', -1, -1),
(359, '10.0.110.105', '10.0.110.0', '24', 110, 1, NULL, '2015-10-12 06:37:00', '2015-10-12 06:37:00', -1, -1),
(360, '10.0.110.106', '10.0.110.0', '24', 110, 1, NULL, '2015-10-12 06:37:00', '2015-10-12 06:37:00', -1, -1),
(361, '10.0.110.107', '10.0.110.0', '24', 110, 1, NULL, '2015-10-12 06:37:00', '2015-10-12 06:37:00', -1, -1),
(362, '10.0.110.108', '10.0.110.0', '24', 110, 1, NULL, '2015-10-12 06:37:00', '2015-10-12 06:37:00', -1, -1),
(363, '10.0.110.109', '10.0.110.0', '24', 110, 1, NULL, '2015-10-12 06:37:00', '2015-10-12 06:37:00', -1, -1),
(364, '10.0.110.110', '10.0.110.0', '24', 110, 1, NULL, '2015-10-12 06:37:00', '2015-10-12 06:37:00', -1, -1),
(365, '10.0.110.111', '10.0.110.0', '24', 110, 1, NULL, '2015-10-12 06:37:00', '2015-10-12 06:37:00', -1, -1),
(366, '10.0.110.112', '10.0.110.0', '24', 110, 1, NULL, '2015-10-12 06:37:00', '2015-10-12 06:37:00', -1, -1),
(367, '10.0.110.113', '10.0.110.0', '24', 110, 1, NULL, '2015-10-12 06:37:00', '2015-10-12 06:37:00', -1, -1),
(368, '10.0.110.114', '10.0.110.0', '24', 110, 1, NULL, '2015-10-12 06:37:00', '2015-10-12 06:37:00', -1, -1),
(369, '10.0.110.115', '10.0.110.0', '24', 110, 1, NULL, '2015-10-12 06:37:00', '2015-10-12 06:37:00', -1, -1),
(370, '10.0.110.116', '10.0.110.0', '24', 110, 1, NULL, '2015-10-12 06:37:00', '2015-10-12 06:37:00', -1, -1),
(371, '10.0.110.117', '10.0.110.0', '24', 110, 1, NULL, '2015-10-12 06:37:00', '2015-10-12 06:37:00', -1, -1),
(372, '10.0.110.118', '10.0.110.0', '24', 110, 1, NULL, '2015-10-12 06:37:00', '2015-10-12 06:37:00', -1, -1),
(373, '10.0.110.119', '10.0.110.0', '24', 110, 1, NULL, '2015-10-12 06:37:00', '2015-10-12 06:37:00', -1, -1),
(374, '10.0.110.120', '10.0.110.0', '24', 110, 1, NULL, '2015-10-12 06:37:00', '2015-10-12 06:37:00', -1, -1),
(375, '10.0.110.121', '10.0.110.0', '24', 110, 1, NULL, '2015-10-12 06:37:00', '2015-10-12 06:37:00', -1, -1),
(376, '10.0.110.122', '10.0.110.0', '24', 110, 1, NULL, '2015-10-12 06:37:00', '2015-10-12 06:37:00', -1, -1),
(377, '10.0.110.123', '10.0.110.0', '24', 110, 1, NULL, '2015-10-12 06:37:00', '2015-10-12 06:37:00', -1, -1),
(378, '10.0.110.124', '10.0.110.0', '24', 110, 1, NULL, '2015-10-12 06:37:00', '2015-10-12 06:37:00', -1, -1),
(379, '10.0.110.125', '10.0.110.0', '24', 110, 1, NULL, '2015-10-12 06:37:00', '2015-10-12 06:37:00', -1, -1),
(380, '10.0.110.126', '10.0.110.0', '24', 110, 1, NULL, '2015-10-12 06:37:00', '2015-10-12 06:37:00', -1, -1),
(381, '10.0.110.127', '10.0.110.0', '24', 110, 1, NULL, '2015-10-12 06:37:00', '2015-10-12 06:37:00', -1, -1),
(382, '10.0.110.128', '10.0.110.0', '24', 110, 1, NULL, '2015-10-12 06:37:00', '2015-10-12 06:37:00', -1, -1),
(383, '10.0.110.129', '10.0.110.0', '24', 110, 1, NULL, '2015-10-12 06:37:00', '2015-10-12 06:37:00', -1, -1),
(384, '10.0.110.130', '10.0.110.0', '24', 110, 1, NULL, '2015-10-12 06:37:00', '2015-10-12 06:37:00', -1, -1),
(385, '10.0.110.131', '10.0.110.0', '24', 110, 1, NULL, '2015-10-12 06:37:00', '2015-10-12 06:37:00', -1, -1),
(386, '10.0.110.132', '10.0.110.0', '24', 110, 1, NULL, '2015-10-12 06:37:00', '2015-10-12 06:37:00', -1, -1),
(387, '10.0.110.133', '10.0.110.0', '24', 110, 1, NULL, '2015-10-12 06:37:00', '2015-10-12 06:37:00', -1, -1),
(388, '10.0.110.134', '10.0.110.0', '24', 110, 1, NULL, '2015-10-12 06:37:00', '2015-10-12 06:37:00', -1, -1),
(389, '10.0.110.135', '10.0.110.0', '24', 110, 1, NULL, '2015-10-12 06:37:00', '2015-10-12 06:37:00', -1, -1),
(390, '10.0.110.136', '10.0.110.0', '24', 110, 1, NULL, '2015-10-12 06:37:00', '2015-10-12 06:37:00', -1, -1),
(391, '10.0.110.137', '10.0.110.0', '24', 110, 1, NULL, '2015-10-12 06:37:00', '2015-10-12 06:37:00', -1, -1),
(392, '10.0.110.138', '10.0.110.0', '24', 110, 1, NULL, '2015-10-12 06:37:00', '2015-10-12 06:37:00', -1, -1),
(393, '10.0.110.139', '10.0.110.0', '24', 110, 1, NULL, '2015-10-12 06:37:00', '2015-10-12 06:37:00', -1, -1),
(394, '10.0.110.140', '10.0.110.0', '24', 110, 1, NULL, '2015-10-12 06:37:00', '2015-10-12 06:37:00', -1, -1),
(395, '10.0.110.141', '10.0.110.0', '24', 110, 1, NULL, '2015-10-12 06:37:00', '2015-10-12 06:37:00', -1, -1),
(396, '10.0.110.142', '10.0.110.0', '24', 110, 1, NULL, '2015-10-12 06:37:00', '2015-10-12 06:37:00', -1, -1),
(397, '10.0.110.143', '10.0.110.0', '24', 110, 1, NULL, '2015-10-12 06:37:00', '2015-10-12 06:37:00', -1, -1),
(398, '10.0.110.144', '10.0.110.0', '24', 110, 1, NULL, '2015-10-12 06:37:00', '2015-10-12 06:37:00', -1, -1),
(399, '10.0.110.145', '10.0.110.0', '24', 110, 1, NULL, '2015-10-12 06:37:00', '2015-10-12 06:37:00', -1, -1),
(400, '10.0.110.146', '10.0.110.0', '24', 110, 1, NULL, '2015-10-12 06:37:00', '2015-10-12 06:37:00', -1, -1),
(401, '10.0.110.147', '10.0.110.0', '24', 110, 1, NULL, '2015-10-12 06:37:00', '2015-10-12 06:37:00', -1, -1),
(402, '10.0.110.148', '10.0.110.0', '24', 110, 1, NULL, '2015-10-12 06:37:00', '2015-10-12 06:37:00', -1, -1),
(403, '10.0.110.149', '10.0.110.0', '24', 110, 1, NULL, '2015-10-12 06:37:00', '2015-10-12 06:37:00', -1, -1),
(404, '10.0.110.150', '10.0.110.0', '24', 110, 1, NULL, '2015-10-12 06:37:00', '2015-10-12 06:37:00', -1, -1),
(405, '10.0.110.151', '10.0.110.0', '24', 110, 1, NULL, '2015-10-12 06:37:00', '2015-10-12 06:37:00', -1, -1),
(406, '10.0.110.152', '10.0.110.0', '24', 110, 1, NULL, '2015-10-12 06:37:00', '2015-10-12 06:37:00', -1, -1),
(407, '10.0.110.153', '10.0.110.0', '24', 110, 1, NULL, '2015-10-12 06:37:00', '2015-10-12 06:37:00', -1, -1),
(408, '10.0.110.154', '10.0.110.0', '24', 110, 1, NULL, '2015-10-12 06:37:00', '2015-10-12 06:37:00', -1, -1),
(409, '10.0.110.155', '10.0.110.0', '24', 110, 1, NULL, '2015-10-12 06:37:00', '2015-10-12 06:37:00', -1, -1),
(410, '10.0.110.156', '10.0.110.0', '24', 110, 1, NULL, '2015-10-12 06:37:00', '2015-10-12 06:37:00', -1, -1),
(411, '10.0.110.157', '10.0.110.0', '24', 110, 1, NULL, '2015-10-12 06:37:00', '2015-10-12 06:37:00', -1, -1),
(412, '10.0.110.158', '10.0.110.0', '24', 110, 1, NULL, '2015-10-12 06:37:00', '2015-10-12 06:37:00', -1, -1),
(413, '10.0.110.159', '10.0.110.0', '24', 110, 1, NULL, '2015-10-12 06:37:00', '2015-10-12 06:37:00', -1, -1),
(414, '10.0.110.160', '10.0.110.0', '24', 110, 1, NULL, '2015-10-12 06:37:00', '2015-10-12 06:37:00', -1, -1),
(415, '10.0.110.161', '10.0.110.0', '24', 110, 1, NULL, '2015-10-12 06:37:00', '2015-10-12 06:37:00', -1, -1),
(416, '10.0.110.162', '10.0.110.0', '24', 110, 1, NULL, '2015-10-12 06:37:00', '2015-10-12 06:37:00', -1, -1),
(417, '10.0.110.163', '10.0.110.0', '24', 110, 1, NULL, '2015-10-12 06:37:00', '2015-10-12 06:37:00', -1, -1),
(418, '10.0.110.164', '10.0.110.0', '24', 110, 1, NULL, '2015-10-12 06:37:00', '2015-10-12 06:37:00', -1, -1),
(419, '10.0.110.165', '10.0.110.0', '24', 110, 1, NULL, '2015-10-12 06:37:00', '2015-10-12 06:37:00', -1, -1),
(420, '10.0.110.166', '10.0.110.0', '24', 110, 1, NULL, '2015-10-12 06:37:00', '2015-10-12 06:37:00', -1, -1),
(421, '10.0.110.167', '10.0.110.0', '24', 110, 1, NULL, '2015-10-12 06:37:00', '2015-10-12 06:37:00', -1, -1),
(422, '10.0.110.168', '10.0.110.0', '24', 110, 1, NULL, '2015-10-12 06:37:00', '2015-10-12 06:37:00', -1, -1),
(423, '10.0.110.169', '10.0.110.0', '24', 110, 1, NULL, '2015-10-12 06:37:00', '2015-10-12 06:37:00', -1, -1),
(424, '10.0.110.170', '10.0.110.0', '24', 110, 1, NULL, '2015-10-12 06:37:00', '2015-10-12 06:37:00', -1, -1),
(425, '10.0.110.171', '10.0.110.0', '24', 110, 1, NULL, '2015-10-12 06:37:00', '2015-10-12 06:37:00', -1, -1),
(426, '10.0.110.172', '10.0.110.0', '24', 110, 1, NULL, '2015-10-12 06:37:00', '2015-10-12 06:37:00', -1, -1),
(427, '10.0.110.173', '10.0.110.0', '24', 110, 1, NULL, '2015-10-12 06:37:00', '2015-10-12 06:37:00', -1, -1),
(428, '10.0.110.174', '10.0.110.0', '24', 110, 1, NULL, '2015-10-12 06:37:00', '2015-10-12 06:37:00', -1, -1),
(429, '10.0.110.175', '10.0.110.0', '24', 110, 1, NULL, '2015-10-12 06:37:00', '2015-10-12 06:37:00', -1, -1),
(430, '10.0.110.176', '10.0.110.0', '24', 110, 1, NULL, '2015-10-12 06:37:00', '2015-10-12 06:37:00', -1, -1),
(431, '10.0.110.177', '10.0.110.0', '24', 110, 1, NULL, '2015-10-12 06:37:00', '2015-10-12 06:37:00', -1, -1),
(432, '10.0.110.178', '10.0.110.0', '24', 110, 1, NULL, '2015-10-12 06:37:00', '2015-10-12 06:37:00', -1, -1),
(433, '10.0.110.179', '10.0.110.0', '24', 110, 1, NULL, '2015-10-12 06:37:00', '2015-10-12 06:37:00', -1, -1),
(434, '10.0.110.180', '10.0.110.0', '24', 110, 1, NULL, '2015-10-12 06:37:00', '2015-10-12 06:37:00', -1, -1),
(435, '10.0.110.181', '10.0.110.0', '24', 110, 1, NULL, '2015-10-12 06:37:00', '2015-10-12 06:37:00', -1, -1),
(436, '10.0.110.182', '10.0.110.0', '24', 110, 1, NULL, '2015-10-12 06:37:00', '2015-10-12 06:37:00', -1, -1),
(437, '10.0.110.183', '10.0.110.0', '24', 110, 1, NULL, '2015-10-12 06:37:00', '2015-10-12 06:37:00', -1, -1),
(438, '10.0.110.184', '10.0.110.0', '24', 110, 1, NULL, '2015-10-12 06:37:00', '2015-10-12 06:37:00', -1, -1),
(439, '10.0.110.185', '10.0.110.0', '24', 110, 1, NULL, '2015-10-12 06:37:00', '2015-10-12 06:37:00', -1, -1),
(440, '10.0.110.186', '10.0.110.0', '24', 110, 1, NULL, '2015-10-12 06:37:00', '2015-10-12 06:37:00', -1, -1),
(441, '10.0.110.187', '10.0.110.0', '24', 110, 1, NULL, '2015-10-12 06:37:00', '2015-10-12 06:37:00', -1, -1),
(442, '10.0.110.188', '10.0.110.0', '24', 110, 1, NULL, '2015-10-12 06:37:00', '2015-10-12 06:37:00', -1, -1),
(443, '10.0.110.189', '10.0.110.0', '24', 110, 1, NULL, '2015-10-12 06:37:00', '2015-10-12 06:37:00', -1, -1),
(444, '10.0.110.190', '10.0.110.0', '24', 110, 1, NULL, '2015-10-12 06:37:00', '2015-10-12 06:37:00', -1, -1),
(445, '10.0.110.191', '10.0.110.0', '24', 110, 1, NULL, '2015-10-12 06:37:00', '2015-10-12 06:37:00', -1, -1),
(446, '10.0.110.192', '10.0.110.0', '24', 110, 1, NULL, '2015-10-12 06:37:00', '2015-10-12 06:37:00', -1, -1);
INSERT INTO `resource_ip` (`ResourceIpID`, `IP`, `NetworkIP`, `Subnet`, `VlanID`, `EnableResourceIP`, `OrderDetailID`, `DateTimeCreate`, `DateTimeUpdate`, `CreateBy`, `UpdateBy`) VALUES
(447, '10.0.110.193', '10.0.110.0', '24', 110, 1, NULL, '2015-10-12 06:37:00', '2015-10-12 06:37:00', -1, -1),
(448, '10.0.110.194', '10.0.110.0', '24', 110, 1, NULL, '2015-10-12 06:37:00', '2015-10-12 06:37:00', -1, -1),
(449, '10.0.110.195', '10.0.110.0', '24', 110, 1, NULL, '2015-10-12 06:37:00', '2015-10-12 06:37:00', -1, -1),
(450, '10.0.110.196', '10.0.110.0', '24', 110, 1, NULL, '2015-10-12 06:37:00', '2015-10-12 06:37:00', -1, -1),
(451, '10.0.110.197', '10.0.110.0', '24', 110, 1, NULL, '2015-10-12 06:37:00', '2015-10-12 06:37:00', -1, -1),
(452, '10.0.110.198', '10.0.110.0', '24', 110, 1, NULL, '2015-10-12 06:37:00', '2015-10-12 06:37:00', -1, -1),
(453, '10.0.110.199', '10.0.110.0', '24', 110, 1, NULL, '2015-10-12 06:37:00', '2015-10-12 06:37:00', -1, -1),
(454, '10.0.110.200', '10.0.110.0', '24', 110, 1, NULL, '2015-10-12 06:37:00', '2015-10-12 06:37:00', -1, -1),
(455, '10.0.110.201', '10.0.110.0', '24', 110, 1, NULL, '2015-10-12 06:37:00', '2015-10-12 06:37:00', -1, -1),
(456, '10.0.110.202', '10.0.110.0', '24', 110, 1, NULL, '2015-10-12 06:37:00', '2015-10-12 06:37:00', -1, -1),
(457, '10.0.110.203', '10.0.110.0', '24', 110, 1, NULL, '2015-10-12 06:37:00', '2015-10-12 06:37:00', -1, -1),
(458, '10.0.110.204', '10.0.110.0', '24', 110, 1, NULL, '2015-10-12 06:37:00', '2015-10-12 06:37:00', -1, -1),
(459, '10.0.110.205', '10.0.110.0', '24', 110, 1, NULL, '2015-10-12 06:37:00', '2015-10-12 06:37:00', -1, -1),
(460, '10.0.110.206', '10.0.110.0', '24', 110, 1, NULL, '2015-10-12 06:37:00', '2015-10-12 06:37:00', -1, -1),
(461, '10.0.110.207', '10.0.110.0', '24', 110, 1, NULL, '2015-10-12 06:37:00', '2015-10-12 06:37:00', -1, -1),
(462, '10.0.110.208', '10.0.110.0', '24', 110, 1, NULL, '2015-10-12 06:37:00', '2015-10-12 06:37:00', -1, -1),
(463, '10.0.110.209', '10.0.110.0', '24', 110, 1, NULL, '2015-10-12 06:37:00', '2015-10-12 06:37:00', -1, -1),
(464, '10.0.110.210', '10.0.110.0', '24', 110, 1, NULL, '2015-10-12 06:37:00', '2015-10-12 06:37:00', -1, -1),
(465, '10.0.110.211', '10.0.110.0', '24', 110, 1, NULL, '2015-10-12 06:37:00', '2015-10-12 06:37:00', -1, -1),
(466, '10.0.110.212', '10.0.110.0', '24', 110, 1, NULL, '2015-10-12 06:37:00', '2015-10-12 06:37:00', -1, -1),
(467, '10.0.110.213', '10.0.110.0', '24', 110, 1, NULL, '2015-10-12 06:37:00', '2015-10-12 06:37:00', -1, -1),
(468, '10.0.110.214', '10.0.110.0', '24', 110, 1, NULL, '2015-10-12 06:37:00', '2015-10-12 06:37:00', -1, -1),
(469, '10.0.110.215', '10.0.110.0', '24', 110, 1, NULL, '2015-10-12 06:37:00', '2015-10-12 06:37:00', -1, -1),
(470, '10.0.110.216', '10.0.110.0', '24', 110, 1, NULL, '2015-10-12 06:37:00', '2015-10-12 06:37:00', -1, -1),
(471, '10.0.110.217', '10.0.110.0', '24', 110, 1, NULL, '2015-10-12 06:37:00', '2015-10-12 06:37:00', -1, -1),
(472, '10.0.110.218', '10.0.110.0', '24', 110, 1, NULL, '2015-10-12 06:37:00', '2015-10-12 06:37:00', -1, -1),
(473, '10.0.110.219', '10.0.110.0', '24', 110, 1, NULL, '2015-10-12 06:37:00', '2015-10-12 06:37:00', -1, -1),
(474, '10.0.110.220', '10.0.110.0', '24', 110, 1, NULL, '2015-10-12 06:37:00', '2015-10-12 06:37:00', -1, -1),
(475, '10.0.110.221', '10.0.110.0', '24', 110, 1, NULL, '2015-10-12 06:37:00', '2015-10-12 06:37:00', -1, -1),
(476, '10.0.110.222', '10.0.110.0', '24', 110, 1, NULL, '2015-10-12 06:37:00', '2015-10-12 06:37:00', -1, -1),
(477, '10.0.110.223', '10.0.110.0', '24', 110, 1, NULL, '2015-10-12 06:37:00', '2015-10-12 06:37:00', -1, -1),
(478, '10.0.110.224', '10.0.110.0', '24', 110, 1, NULL, '2015-10-12 06:37:00', '2015-10-12 06:37:00', -1, -1),
(479, '10.0.110.225', '10.0.110.0', '24', 110, 1, NULL, '2015-10-12 06:37:00', '2015-10-12 06:37:00', -1, -1),
(480, '10.0.110.226', '10.0.110.0', '24', 110, 1, NULL, '2015-10-12 06:37:00', '2015-10-12 06:37:00', -1, -1),
(481, '10.0.110.227', '10.0.110.0', '24', 110, 1, NULL, '2015-10-12 06:37:00', '2015-10-12 06:37:00', -1, -1),
(482, '10.0.110.228', '10.0.110.0', '24', 110, 1, NULL, '2015-10-12 06:37:00', '2015-10-12 06:37:00', -1, -1),
(483, '10.0.110.229', '10.0.110.0', '24', 110, 1, NULL, '2015-10-12 06:37:00', '2015-10-12 06:37:00', -1, -1),
(484, '10.0.110.230', '10.0.110.0', '24', 110, 1, NULL, '2015-10-12 06:37:00', '2015-10-12 06:37:00', -1, -1),
(485, '10.0.110.231', '10.0.110.0', '24', 110, 1, NULL, '2015-10-12 06:37:00', '2015-10-12 06:37:00', -1, -1),
(486, '10.0.110.232', '10.0.110.0', '24', 110, 1, NULL, '2015-10-12 06:37:00', '2015-10-12 06:37:00', -1, -1),
(487, '10.0.110.233', '10.0.110.0', '24', 110, 1, NULL, '2015-10-12 06:37:00', '2015-10-12 06:37:00', -1, -1),
(488, '10.0.110.234', '10.0.110.0', '24', 110, 1, NULL, '2015-10-12 06:37:00', '2015-10-12 06:37:00', -1, -1),
(489, '10.0.110.235', '10.0.110.0', '24', 110, 1, NULL, '2015-10-12 06:37:00', '2015-10-12 06:37:00', -1, -1),
(490, '10.0.110.236', '10.0.110.0', '24', 110, 1, NULL, '2015-10-12 06:37:00', '2015-10-12 06:37:00', -1, -1),
(491, '10.0.110.237', '10.0.110.0', '24', 110, 1, NULL, '2015-10-12 06:37:00', '2015-10-12 06:37:00', -1, -1),
(492, '10.0.110.238', '10.0.110.0', '24', 110, 1, NULL, '2015-10-12 06:37:00', '2015-10-12 06:37:00', -1, -1),
(493, '10.0.110.239', '10.0.110.0', '24', 110, 1, NULL, '2015-10-12 06:37:00', '2015-10-12 06:37:00', -1, -1),
(494, '10.0.110.240', '10.0.110.0', '24', 110, 1, NULL, '2015-10-12 06:37:00', '2015-10-12 06:37:00', -1, -1),
(495, '10.0.110.241', '10.0.110.0', '24', 110, 1, NULL, '2015-10-12 06:37:00', '2015-10-12 06:37:00', -1, -1),
(496, '10.0.110.242', '10.0.110.0', '24', 110, 1, NULL, '2015-10-12 06:37:00', '2015-10-12 06:37:00', -1, -1),
(497, '10.0.110.243', '10.0.110.0', '24', 110, 1, NULL, '2015-10-12 06:37:00', '2015-10-12 06:37:00', -1, -1),
(498, '10.0.110.244', '10.0.110.0', '24', 110, 1, NULL, '2015-10-12 06:37:00', '2015-10-12 06:37:00', -1, -1),
(499, '10.0.110.245', '10.0.110.0', '24', 110, 1, NULL, '2015-10-12 06:37:00', '2015-10-12 06:37:00', -1, -1),
(500, '10.0.110.246', '10.0.110.0', '24', 110, 1, NULL, '2015-10-12 06:37:00', '2015-10-12 06:37:00', -1, -1),
(501, '10.0.110.247', '10.0.110.0', '24', 110, 1, NULL, '2015-10-12 06:37:00', '2015-10-12 06:37:00', -1, -1),
(502, '10.0.110.248', '10.0.110.0', '24', 110, 1, NULL, '2015-10-12 06:37:00', '2015-10-12 06:37:00', -1, -1),
(503, '10.0.110.249', '10.0.110.0', '24', 110, 1, NULL, '2015-10-12 06:37:00', '2015-10-12 06:37:00', -1, -1),
(504, '10.0.110.250', '10.0.110.0', '24', 110, 1, NULL, '2015-10-12 06:37:00', '2015-10-12 06:37:00', -1, -1),
(505, '10.0.110.251', '10.0.110.0', '24', 110, 1, NULL, '2015-10-12 06:37:00', '2015-10-12 06:37:00', -1, -1),
(506, '10.0.110.252', '10.0.110.0', '24', 110, 1, NULL, '2015-10-12 06:37:00', '2015-10-12 06:37:00', -1, -1),
(507, '10.0.110.253', '10.0.110.0', '24', 110, 1, NULL, '2015-10-12 06:37:00', '2015-10-12 06:37:00', -1, -1),
(508, '10.0.110.254', '10.0.110.0', '24', 110, 1, NULL, '2015-10-12 06:37:00', '2015-10-12 06:37:00', -1, -1),
(509, '1.1.1.2', '1.1.1.1', '30', 1111, 1, NULL, '2015-10-12 07:27:43', '2015-10-12 07:27:43', -1, -1),
(510, '1.1.1.3', '1.1.1.1', '30', 1111, 1, NULL, '2015-10-12 07:27:43', '2015-10-12 07:27:43', -1, -1),
(511, '2.2.2.1', '2.2.2.0', '30', 21, 1, NULL, '2015-10-12 07:28:08', '2015-10-12 07:28:08', -1, -1),
(512, '2.2.2.2', '2.2.2.0', '30', 21, 1, NULL, '2015-10-12 07:28:08', '2015-10-12 07:28:08', -1, -1);

--
-- Truncate table before insert `resource_rack`
--

TRUNCATE TABLE `resource_rack`;
--
-- Truncate table before insert `resource_service`
--

TRUNCATE TABLE `resource_service`;
--
-- Truncate table before insert `resource_switch`
--

TRUNCATE TABLE `resource_switch`;
--
-- Dumping data for table `resource_switch`
--

INSERT INTO `resource_switch` (`ResourceSwitchID`, `SwitchName`, `SwitchIP`, `TotalPort`, `SnmpCommuPublic`, `SnmpCommuPrivate`, `SwitchType`, `EnableResourceSW`, `DateTimeCreate`, `DateTimeUpdate`, `CreateBy`, `UpdateBy`) VALUES
(1, 'test', '192.168.111.111', '16', '123456', NULL, 'switch', 1, '2015-10-13 08:48:38', '2015-10-13 08:48:38', -1, -1);

--
-- Truncate table before insert `resource_switch_port`
--

TRUNCATE TABLE `resource_switch_port`;
--
-- Dumping data for table `resource_switch_port`
--

INSERT INTO `resource_switch_port` (`ResourceSwitchPortID`, `ResourceSwitchID`, `PortNumber`, `PortType`, `Uplink`, `EnableResourcePort`, `OrderDetailID`, `DateTimeCreate`, `DateTimeUpdate`, `CreateBy`, `UpdateBy`) VALUES
(1, 1, 1, 'FastEthernet', 1, 1, NULL, '2015-10-13 08:48:38', '2015-10-13 08:48:38', -1, -1),
(2, 1, 2, 'FastEthernet', 1, 1, NULL, '2015-10-13 08:48:38', '2015-10-13 08:48:38', -1, -1),
(3, 1, 3, 'FastEthernet', 1, 1, NULL, '2015-10-13 08:48:38', '2015-10-13 08:48:38', -1, -1),
(4, 1, 4, 'FastEthernet', 0, 1, NULL, '2015-10-13 08:48:38', '2015-10-13 08:48:38', -1, -1),
(5, 1, 5, 'FastEthernet', 0, 1, NULL, '2015-10-13 08:48:38', '2015-10-13 08:48:38', -1, -1),
(6, 1, 6, 'FastEthernet', 0, 1, NULL, '2015-10-13 08:48:38', '2015-10-13 08:48:38', -1, -1),
(7, 1, 7, 'FastEthernet', 0, 1, NULL, '2015-10-13 08:48:38', '2015-10-13 08:48:38', -1, -1),
(8, 1, 8, 'FastEthernet', 0, 1, NULL, '2015-10-13 08:48:38', '2015-10-13 08:48:38', -1, -1),
(9, 1, 9, 'FastEthernet', 0, 1, NULL, '2015-10-13 08:48:38', '2015-10-13 08:48:38', -1, -1),
(10, 1, 10, 'FastEthernet', 0, 1, NULL, '2015-10-13 08:48:38', '2015-10-13 08:48:38', -1, -1),
(11, 1, 11, 'FastEthernet', 0, 1, NULL, '2015-10-13 08:48:38', '2015-10-13 08:48:38', -1, -1),
(12, 1, 12, 'FastEthernet', 0, 1, NULL, '2015-10-13 08:48:38', '2015-10-13 08:48:38', -1, -1),
(13, 1, 13, 'FastEthernet', 0, 1, NULL, '2015-10-13 08:48:38', '2015-10-13 08:48:38', -1, -1),
(14, 1, 14, 'FastEthernet', 0, 1, NULL, '2015-10-13 08:48:38', '2015-10-13 08:48:38', -1, -1),
(15, 1, 15, 'FastEthernet', 0, 1, NULL, '2015-10-13 08:48:38', '2015-10-13 08:48:38', -1, -1),
(16, 1, 16, 'FastEthernet', 0, 1, NULL, '2015-10-13 08:48:38', '2015-10-13 08:48:38', -1, -1);

--
-- Truncate table before insert `resource_switch_vlan`
--

TRUNCATE TABLE `resource_switch_vlan`;
--
-- Dumping data for table `resource_switch_vlan`
--

INSERT INTO `resource_switch_vlan` (`VlanID`, `VlanNumber`, `SwitchID`) VALUES
(1, 111, 1);

--
-- Truncate table before insert `ticket`
--

TRUNCATE TABLE `ticket`;
--
-- Truncate table before insert `ticket_event`
--

TRUNCATE TABLE `ticket_event`;